Container_ID,Port_Name,Status,ETA,Delay_Hours,Cargo_Type
CNT10000,TONGLING,In Transit,2025-10-27 20:09:57.548820,3,Textiles
CNT10001,MUIDERZAND,Delayed,2025-10-27 05:09:57.548843,5,Chemicals
CNT10002,PANAMA CANAL,Arrived,2025-10-26 15:09:57.548852,0,Textiles
CNT10003,SRIRACHA ANCH,Delayed,2025-10-26 09:09:57.548915,0,Chemicals
CNT10004,ROTTERDAM BOTLEK,Delayed,2025-10-28 09:09:57.548949,0,Food
CNT10005,HARLINGEN,Departed,2025-10-29 19:09:57.548985,0,Machinery
CNT10006,BERLIN,Arrived,2025-10-25 04:09:57.549093,0,Food
CNT10007,ZHANJIANG,Delayed,2025-10-27 03:09:57.549154,0,Automobiles
CNT10008,TONGLING,Departed,2025-10-30 06:09:57.549163,0,Electronics
CNT10009,NEWPORT,Delayed,2025-10-29 21:09:57.549171,24,Machinery
CNT10010,NEW BEDFORD,Departed,2025-10-29 07:09:57.549179,1,Food
CNT10011,PORTLAND OR,In Transit,2025-10-26 20:09:57.549219,0,Automobiles
CNT10012,JEDDAH,Departed,2025-10-30 00:09:57.549281,1,Electronics
CNT10013,SOUTHPORT QLD,Departed,2025-10-30 18:09:57.549316,0,Automobiles
CNT10014,BODRUM,In Transit,2025-10-29 20:09:57.549349,0,Textiles
CNT10015,XIANGSHAN,Departed,2025-10-29 19:09:57.549380,2,Textiles
CNT10016,FOURCHON,Arrived,2025-10-25 18:09:57.549387,0,Chemicals
CNT10017,LEIXOES,Arrived,2025-10-30 14:09:57.549395,0,Machinery
CNT10018,WENZHOU,Delayed,2025-10-25 23:09:57.549402,24,Textiles
CNT10019,NEWPORT BEACH,Delayed,2025-10-25 06:09:57.549410,8,Oil & Gas
CNT10020,ZHUJIAN KOU ANCH,Delayed,2025-10-25 12:09:57.549417,2,Automobiles
CNT10021,ZEA,Arrived,2025-10-25 07:09:57.549425,1,Machinery
CNT10022,SHARJAH ANCH,Arrived,2025-10-29 23:09:57.549433,2,Oil & Gas
CNT10023,DEN OEVER,Arrived,2025-10-29 22:09:57.549441,0,Textiles
CNT10024,ROSTOV-ON-DON,Departed,2025-10-30 02:09:57.549448,0,Chemicals
CNT10025,TAIXING,Departed,2025-10-27 21:09:57.549455,0,Food
CNT10026,MOERDIJK,Departed,2025-10-26 22:09:57.549463,0,Chemicals
CNT10027,YANTAI ANCH,Departed,2025-10-28 16:09:57.549472,1,Oil & Gas
CNT10028,YEOSU ANCH,In Transit,2025-10-26 10:09:57.549479,0,Electronics
CNT10029,BREMEN,Departed,2025-10-27 17:09:57.549487,24,Textiles
CNT10030,SOUTHAMPTON,Departed,2025-10-26 23:09:57.549495,12,Oil & Gas
CNT10031,AUCKLAND,Delayed,2025-10-25 16:09:57.549501,3,Electronics
CNT10032,LIVORNO,Departed,2025-10-29 01:09:57.549509,1,Electronics
CNT10033,NINGBO,Delayed,2025-10-27 09:09:57.549516,8,Automobiles
CNT10034,HAMBLE POINT,In Transit,2025-10-28 14:09:57.549524,0,Machinery
CNT10035,POHANG,In Transit,2025-10-27 18:09:57.549545,3,Automobiles
CNT10036,NORD-OSTSEE-KANAL,Arrived,2025-10-26 22:09:57.549553,0,Textiles
CNT10037,TIANJIN ANCH,In Transit,2025-10-29 09:09:57.549563,3,Electronics
CNT10038,ONSAN,Departed,2025-10-29 20:09:57.549571,0,Oil & Gas
CNT10039,LONGKOU,Arrived,2025-10-26 10:09:57.549593,8,Food
CNT10040,YALOVA,Departed,2025-10-30 20:09:57.549602,12,Electronics
CNT10041,PENGLAI,In Transit,2025-10-25 08:09:57.549610,0,Oil & Gas
CNT10042,GOTEBORG,Departed,2025-10-30 15:09:57.549617,0,Food
CNT10043,LIVERPOOL,Departed,2025-10-28 03:09:57.549625,24,Automobiles
CNT10044,SRIRACHA ANCH,Delayed,2025-10-28 02:09:57.549632,0,Automobiles
CNT10045,FETHIYE,Arrived,2025-10-24 23:09:57.549639,8,Machinery
CNT10046,VOLENDAM,Arrived,2025-10-27 13:09:57.549647,1,Oil & Gas
CNT10047,PYEONGTAEK,Arrived,2025-10-26 08:09:57.549655,0,Electronics
CNT10048,VOLENDAM,Arrived,2025-10-25 04:09:57.549663,0,Chemicals
CNT10049,PALMA DE MALLORCA,Arrived,2025-10-28 10:09:57.549670,0,Automobiles
CNT10050,DELFZIJL,Arrived,2025-10-27 16:09:57.549678,3,Automobiles
CNT10051,RIZHAO,Delayed,2025-10-26 15:09:57.549685,0,Machinery
CNT10052,TOKYO,Arrived,2025-10-29 19:09:57.549693,1,Food
CNT10053,LAIZHOU,Departed,2025-10-30 02:09:57.549710,0,Machinery
CNT10054,NEWPORT BEACH,In Transit,2025-10-25 21:09:57.549718,1,Electronics
CNT10055,LORIENT,Departed,2025-10-26 19:09:57.549730,8,Oil & Gas
CNT10056,GOSPORT,Delayed,2025-10-25 16:09:57.549738,24,Textiles
CNT10057,ZHANJIANG,Arrived,2025-10-27 17:09:57.549745,0,Textiles
CNT10058,QINGDAO ANCH,Arrived,2025-10-29 03:09:57.549753,5,Oil & Gas
CNT10059,WEIFANG,Arrived,2025-10-26 15:09:57.549761,3,Food
CNT10060,FANGCHENG ANCH,Arrived,2025-10-26 05:09:57.549768,1,Automobiles
CNT10061,CHEK LAP KOK,Arrived,2025-10-29 10:09:57.549775,24,Food
CNT10062,GAOGANG,Arrived,2025-10-26 09:09:57.549783,0,Automobiles
CNT10063,DAMMAM ANCH,Arrived,2025-10-28 22:09:57.549790,0,Automobiles
CNT10064,LANSHAN,Arrived,2025-10-30 08:09:57.549798,8,Textiles
CNT10065,SANYA,Departed,2025-10-27 22:09:57.549806,0,Food
CNT10066,HELSINKI,Arrived,2025-10-30 13:09:57.549826,5,Machinery
CNT10067,HOPE ISLAND,Departed,2025-10-28 22:09:57.549836,8,Automobiles
CNT10068,ZHONGSHAN,Departed,2025-10-30 00:09:57.549844,0,Chemicals
CNT10069,MOERDIJK,Delayed,2025-10-27 19:09:57.549852,8,Chemicals
CNT10070,HUANGGE,Arrived,2025-10-25 10:09:57.549859,0,Machinery
CNT10071,WEIHAI,Delayed,2025-10-26 22:09:57.549867,1,Chemicals
CNT10072,FALSE CREEK,Delayed,2025-10-27 09:09:57.549875,2,Electronics
CNT10073,YEOSU ANCH,Arrived,2025-10-30 07:09:57.549882,12,Automobiles
CNT10074,GILLELEJE,In Transit,2025-10-25 02:09:57.549890,0,Machinery
CNT10075,UST-LUGA,In Transit,2025-10-26 00:09:57.549897,0,Food
CNT10076,DONGJIAKOU,Arrived,2025-10-25 05:09:57.549904,2,Automobiles
CNT10077,ABIDJAN,Arrived,2025-10-26 23:09:57.549914,3,Machinery
CNT10078,KAOHSIUNG,In Transit,2025-10-27 16:09:57.549921,2,Textiles
CNT10079,MERCURY,Delayed,2025-10-26 17:09:57.549928,0,Food
CNT10080,ANACORTES,Arrived,2025-10-30 02:09:57.549936,0,Textiles
CNT10081,SOLENT,Arrived,2025-10-27 07:09:57.549943,0,Automobiles
CNT10082,PINGTAN,Departed,2025-10-25 00:09:57.549950,5,Food
CNT10083,LEIXOES,Departed,2025-10-28 11:09:57.549966,0,Chemicals
CNT10084,CHEK LAP KOK,Delayed,2025-10-27 19:09:57.549974,0,Machinery
CNT10085,NANTONG,Departed,2025-10-30 07:09:57.549981,24,Automobiles
CNT10086,AMSTERDAM ANCH,Departed,2025-10-24 23:09:57.549988,0,Electronics
CNT10087,DALIAN,Delayed,2025-10-29 03:09:57.549995,24,Food
CNT10088,NANSHA ANCH,Arrived,2025-10-26 08:09:57.550002,2,Food
CNT10089,MANLY HARBOUR,Arrived,2025-10-28 23:09:57.550009,5,Oil & Gas
CNT10090,STAVANGER,Delayed,2025-10-26 03:09:57.550017,0,Automobiles
CNT10091,PORT EVERGLADES,In Transit,2025-10-29 17:09:57.550024,0,Automobiles
CNT10092,GDYNIA,Departed,2025-10-25 05:09:57.550031,3,Textiles
CNT10093,KJOLLEFJORD,Departed,2025-10-26 17:09:57.550039,5,Oil & Gas
CNT10094,QUSHAN,Arrived,2025-10-26 09:09:57.550046,3,Chemicals
CNT10095,TAIZHOU,Departed,2025-10-28 02:09:57.550061,0,Textiles
CNT10096,BANJARMASIN,Departed,2025-10-26 04:09:57.550068,3,Oil & Gas
CNT10097,BREST,Arrived,2025-10-26 20:09:57.550076,3,Textiles
CNT10098,VOLENDAM,Arrived,2025-10-27 04:09:57.550084,2,Chemicals
CNT10099,BELLINGHAM,Departed,2025-10-29 07:09:57.550091,3,Oil & Gas
CNT10100,FOS SUR MER,Arrived,2025-10-29 22:09:57.550099,5,Oil & Gas
CNT10101,RENI,Departed,2025-10-27 04:09:57.550107,2,Electronics
CNT10102,SRIRACHA ANCH,Arrived,2025-10-30 21:09:57.550114,0,Textiles
CNT10103,FLEVO MARINA,Departed,2025-10-25 09:09:57.550122,0,Textiles
CNT10104,KUSHIRO,Arrived,2025-10-30 21:09:57.550130,0,Food
CNT10105,PORTLAND OR,In Transit,2025-10-30 17:09:57.550136,0,Chemicals
CNT10106,LAKE CHARLES,Departed,2025-10-30 13:09:57.550144,0,Machinery
CNT10107,FETHIYE,Delayed,2025-10-25 00:09:57.550164,0,Electronics
CNT10108,STAVOREN,Delayed,2025-10-30 21:09:57.550188,0,Oil & Gas
CNT10109,CARTAGENA,Departed,2025-10-26 03:09:57.550195,0,Oil & Gas
CNT10110,VIGO,Arrived,2025-10-25 20:09:57.550204,5,Oil & Gas
CNT10111,IZMAIL,Departed,2025-10-28 17:09:57.550212,12,Electronics
CNT10112,SNEEK,Departed,2025-10-29 16:09:57.550219,0,Oil & Gas
CNT10113,FALSE CREEK,Delayed,2025-10-29 05:09:57.550228,24,Oil & Gas
CNT10114,ZHONGSHAN,Departed,2025-10-29 19:09:57.550235,1,Chemicals
CNT10115,GLADSTONE,Arrived,2025-10-25 02:09:57.550242,0,Automobiles
CNT10116,PORT DU CROUESTY,Arrived,2025-10-29 05:09:57.550249,0,Automobiles
CNT10117,MONACO,Departed,2025-10-29 09:09:57.550256,1,Food
CNT10118,LAKE CHARLES,Delayed,2025-10-27 14:09:57.550263,3,Food
CNT10119,GOTEBORG,Departed,2025-10-29 22:09:57.550270,3,Oil & Gas
CNT10120,TAMPA,Departed,2025-10-26 03:09:57.550278,0,Chemicals
CNT10121,XINHUI,In Transit,2025-10-28 09:09:57.550287,0,Oil & Gas
CNT10122,KIEL,Delayed,2025-10-26 05:09:57.550294,0,Food
CNT10123,JINGJIANG,Arrived,2025-10-25 13:09:57.550301,0,Electronics
CNT10124,PHUKET,Arrived,2025-10-26 11:09:57.550314,0,Electronics
CNT10125,WENZHOU ANCH,Arrived,2025-10-30 19:09:57.550321,0,Machinery
CNT10126,NORD-OSTSEE-KANAL,Arrived,2025-10-26 09:09:57.550328,5,Automobiles
CNT10127,CALLAO ANCH,Arrived,2025-10-29 15:09:57.550336,12,Chemicals
CNT10128,YANGZHOU,Arrived,2025-10-27 15:09:57.550343,0,Textiles
CNT10129,DEN OEVER,Arrived,2025-10-29 06:09:57.550352,12,Automobiles
CNT10130,BEIHAI,Arrived,2025-10-28 10:09:57.550367,0,Textiles
CNT10131,DEN HELDER,In Transit,2025-10-24 23:09:57.550374,0,Machinery
CNT10132,LANGEDRAG,Arrived,2025-10-28 00:09:57.550382,0,Machinery
CNT10133,DONG GUAN,Departed,2025-10-27 16:09:57.550389,2,Oil & Gas
CNT10134,LA ROCHELLE VIEUX,Departed,2025-10-27 04:09:57.550396,24,Food
CNT10135,ANACORTES,In Transit,2025-10-25 03:09:57.550404,2,Machinery
CNT10136,CORPUS CHRISTI,Arrived,2025-10-30 20:09:57.550411,0,Machinery
CNT10137,MARSAMXETT,Departed,2025-10-28 11:09:57.550418,2,Textiles
CNT10138,GALALI,In Transit,2025-10-27 09:09:57.550425,0,Food
CNT10139,KLAIPEDA,In Transit,2025-10-29 02:09:57.550436,8,Machinery
CNT10140,KOCHI,In Transit,2025-10-25 09:09:57.550444,1,Automobiles
CNT10141,XIAMEN ANCH,Arrived,2025-10-26 22:09:57.550452,0,Machinery
CNT10142,MARSEILLE,Arrived,2025-10-26 15:09:57.550460,1,Food
CNT10143,XINHUI,Delayed,2025-10-28 07:09:57.550467,2,Oil & Gas
CNT10144,BUSAN,In Transit,2025-10-26 08:09:57.550474,0,Chemicals
CNT10145,GOSPORT,Departed,2025-10-30 11:09:57.550481,2,Food
CNT10146,SHEKOU,Departed,2025-10-27 16:09:57.550488,0,Textiles
CNT10147,HONG KONG ANCH,Arrived,2025-10-28 05:09:57.550495,3,Chemicals
CNT10148,HUIZHOU ANCH,Delayed,2025-10-25 04:09:57.550502,5,Automobiles
CNT10149,POOLE,Arrived,2025-10-25 11:09:57.550510,5,Electronics
CNT10150,HAMBURG,Departed,2025-10-27 22:09:57.550517,1,Food
CNT10151,YEOSU,Departed,2025-10-30 20:09:57.550524,1,Oil & Gas
CNT10152,NAPOLI,Departed,2025-10-27 15:09:57.550531,0,Textiles
CNT10153,HUANGHUA,Arrived,2025-10-28 16:09:57.550538,3,Automobiles
CNT10154,LONDON,Arrived,2025-10-30 07:09:57.550545,0,Chemicals
CNT10155,CANAKKALE,Delayed,2025-10-25 17:09:57.550553,0,Automobiles
CNT10156,MUARA BERAU ANCH,Arrived,2025-10-25 07:09:57.550567,0,Food
CNT10157,MUSAFFAH,Departed,2025-10-25 22:09:57.550574,0,Machinery
CNT10158,LEIXOES,Arrived,2025-10-25 22:09:57.550581,2,Oil & Gas
CNT10159,DAMMAM,Departed,2025-10-27 03:09:57.550588,0,Food
CNT10160,ONSAN,Departed,2025-10-26 06:09:57.550594,3,Electronics
CNT10161,KAOHSIUNG,Arrived,2025-10-28 20:09:57.550601,0,Food
CNT10162,LABOE,Departed,2025-10-25 11:09:57.550608,0,Chemicals
CNT10163,GWANGYANG,Arrived,2025-10-27 14:09:57.550614,1,Chemicals
CNT10164,PORT KLANG,Arrived,2025-10-29 11:09:57.550621,0,Food
CNT10165,ABIDJAN,In Transit,2025-10-28 05:09:57.550628,0,Chemicals
CNT10166,KUSHIRO,Departed,2025-10-27 03:09:57.550634,3,Machinery
CNT10167,NEWPORT BEACH,In Transit,2025-10-30 02:09:57.550641,0,Automobiles
CNT10168,HEILIGENHAFEN,Arrived,2025-10-30 08:09:57.550648,5,Food
CNT10169,JIANGYIN,Delayed,2025-10-30 11:09:57.550654,0,Oil & Gas
CNT10170,QUSHAN,Delayed,2025-10-25 22:09:57.550661,0,Machinery
CNT10171,JINGTANG,Departed,2025-10-30 18:09:57.550668,3,Automobiles
CNT10172,HANSTHOLM,Departed,2025-10-29 18:09:57.550675,0,Oil & Gas
CNT10173,TARRAGONA,Departed,2025-10-30 13:09:57.550683,0,Oil & Gas
CNT10174,XIUYU,Departed,2025-10-25 22:09:57.550689,0,Oil & Gas
CNT10175,LUSHUN,In Transit,2025-10-28 04:09:57.550696,0,Automobiles
CNT10176,BUDAPEST,In Transit,2025-10-27 17:09:57.550703,5,Machinery
CNT10177,JINGJIANG,In Transit,2025-10-25 09:09:57.550710,0,Oil & Gas
CNT10178,HOPE ISLAND,Arrived,2025-10-26 05:09:57.550717,3,Oil & Gas
CNT10179,MINHANG,Delayed,2025-10-30 05:09:57.550723,8,Textiles
CNT10180,TAMPA,In Transit,2025-10-28 21:09:57.550737,0,Food
CNT10181,SAN JUAN,Arrived,2025-10-28 17:09:57.550744,12,Automobiles
CNT10182,CAOFEIDIAN ANCH,Arrived,2025-10-30 18:09:57.550751,0,Automobiles
CNT10183,DONG GUAN,Delayed,2025-10-26 04:09:57.550757,24,Chemicals
CNT10184,QIDONG,Departed,2025-10-28 03:09:57.550763,0,Automobiles
CNT10185,MARSEILLE,In Transit,2025-10-25 17:09:57.550770,2,Machinery
CNT10186,FALMOUTH,Arrived,2025-10-27 09:09:57.550777,0,Automobiles
CNT10187,YANTAI,Delayed,2025-10-30 11:09:57.550783,0,Textiles
CNT10188,GENOVA,Arrived,2025-10-28 18:09:57.550790,2,Food
CNT10189,CHEK LAP KOK,Arrived,2025-10-26 16:09:57.550796,3,Food
CNT10190,TACOMA,Arrived,2025-10-30 07:09:57.550803,0,Automobiles
CNT10191,NAPOLI,In Transit,2025-10-27 09:09:57.550810,0,Oil & Gas
CNT10192,MARSEILLE,Delayed,2025-10-26 04:09:57.550817,3,Electronics
CNT10193,IZMAIL,Departed,2025-10-25 02:09:57.550823,2,Electronics
CNT10194,QUANZHOU ANCH,Departed,2025-10-25 07:09:57.550830,24,Oil & Gas
CNT10195,BUENOS AIRES,In Transit,2025-10-28 14:09:57.550836,3,Oil & Gas
CNT10196,LIANYUNGANG,Departed,2025-10-30 07:09:57.550843,24,Oil & Gas
CNT10197,HOUSTON,In Transit,2025-10-30 03:09:57.550850,3,Machinery
CNT10198,AMSTERDAM,Departed,2025-10-25 08:09:57.550856,0,Electronics
CNT10199,MANILA ANCH,Departed,2025-10-27 05:09:57.550863,0,Oil & Gas
CNT10200,CALLAO ANCH,Departed,2025-10-28 08:09:57.550870,3,Machinery
CNT10201,SHILSHOLE,Departed,2025-10-30 14:09:57.550877,2,Chemicals
CNT10202,SANSHAN,Delayed,2025-10-29 00:09:57.550884,0,Machinery
CNT10203,FULING,Departed,2025-10-27 22:09:57.550891,0,Electronics
CNT10204,HOORN,Arrived,2025-10-29 16:09:57.550897,24,Automobiles
CNT10205,HUIZHOU,In Transit,2025-10-25 04:09:57.550904,1,Chemicals
CNT10206,YALOVA,Departed,2025-10-28 05:09:57.550911,0,Electronics
CNT10207,TAICANG,Departed,2025-10-30 21:09:57.550918,0,Machinery
CNT10208,HUANGHUA,In Transit,2025-10-28 22:09:57.550924,0,Textiles
CNT10209,NEMRUT,Delayed,2025-10-25 01:09:57.550931,0,Food
CNT10210,TABONEO ANCH,Arrived,2025-10-25 01:09:57.550937,0,Electronics
CNT10211,HOORN,In Transit,2025-10-29 04:09:57.550944,0,Oil & Gas
CNT10212,BUSAN,Delayed,2025-10-26 13:09:57.550951,3,Machinery
CNT10213,GOCEK,Departed,2025-10-25 14:09:57.550957,0,Oil & Gas
CNT10214,TAIZHOU,Arrived,2025-10-29 02:09:57.550963,5,Oil & Gas
CNT10215,HUANGGE,Delayed,2025-10-29 04:09:57.550970,8,Oil & Gas
CNT10216,OSAKA,Delayed,2025-10-30 01:09:57.550977,0,Oil & Gas
CNT10217,VOLENDAM,Departed,2025-10-27 01:09:57.550984,2,Oil & Gas
CNT10218,JEDDAH,In Transit,2025-10-27 01:09:57.550990,0,Chemicals
CNT10219,QINHUANGDAO ANCH,Delayed,2025-10-30 01:09:57.550996,8,Electronics
CNT10220,CHITTAGONG,Arrived,2025-10-27 12:09:57.551002,0,Electronics
CNT10221,PANAMA ANCH ATLANTIC,Departed,2025-10-29 17:09:57.551012,2,Food
CNT10222,MARSEILLE,Arrived,2025-10-27 11:09:57.551018,2,Machinery
CNT10223,FETHIYE,Delayed,2025-10-25 04:09:57.551025,0,Textiles
CNT10224,GIBRALTAR,Arrived,2025-10-28 17:09:57.551034,0,Chemicals
CNT10225,HAIKOU,Departed,2025-10-25 11:09:57.551040,2,Machinery
CNT10226,LIJIANG,Delayed,2025-10-28 11:09:57.551046,3,Chemicals
CNT10227,XIUYU,In Transit,2025-10-30 10:09:57.551053,0,Electronics
CNT10228,VOLENDAM,Departed,2025-10-30 07:09:57.551059,2,Oil & Gas
CNT10229,STOCKHOLM,In Transit,2025-10-27 11:09:57.551065,0,Food
CNT10230,MARINA DEL REY,Arrived,2025-10-28 04:09:57.551071,3,Food
CNT10231,SAN JUAN,In Transit,2025-10-30 15:09:57.551078,0,Automobiles
CNT10232,DENIA,Arrived,2025-10-27 07:09:57.551091,8,Textiles
CNT10233,ANTWERP ANCH,Departed,2025-10-29 21:09:57.551101,0,Food
CNT10234,TARRAGONA,Delayed,2025-10-30 10:09:57.551107,0,Oil & Gas
CNT10235,LYMINGTON,Arrived,2025-10-27 14:09:57.551113,0,Electronics
CNT10236,FLEVO MARINA,Arrived,2025-10-25 10:09:57.551120,0,Textiles
CNT10237,ROTTERDAM ANCH,Delayed,2025-10-28 07:09:57.551127,1,Machinery
CNT10238,RIZHAO ANCH,Delayed,2025-10-30 16:09:57.551134,0,Oil & Gas
CNT10239,MONNICKENDAM,Delayed,2025-10-27 01:09:57.551141,5,Oil & Gas
CNT10240,FUJAIRAH,Delayed,2025-10-29 18:09:57.551147,0,Food
CNT10241,GIBRALTAR,Departed,2025-10-25 23:09:57.551154,0,Textiles
CNT10242,LORIENT,Arrived,2025-10-26 07:09:57.551160,0,Electronics
CNT10243,MUMBAI,Departed,2025-10-27 01:09:57.551167,0,Automobiles
CNT10244,MUSAFFAH,Arrived,2025-10-29 13:09:57.551174,0,Chemicals
CNT10245,WENZHOU,In Transit,2025-10-28 07:09:57.551180,0,Chemicals
CNT10246,KODIAK,Departed,2025-10-26 15:09:57.551187,0,Electronics
CNT10247,RECALADA,Departed,2025-10-25 18:09:57.551194,0,Electronics
CNT10248,HIRTSHALS,Departed,2025-10-26 15:09:57.551201,1,Chemicals
CNT10249,MANILA ANCH,In Transit,2025-10-30 18:09:57.551208,1,Automobiles
CNT10250,GENOVA,Arrived,2025-10-29 14:09:57.551215,0,Textiles
CNT10251,LANGEDRAG,Departed,2025-10-29 06:09:57.551221,0,Chemicals
CNT10252,DENIA,Departed,2025-10-25 14:09:57.551228,24,Electronics
CNT10253,LE HAVRE,Delayed,2025-10-29 21:09:57.551235,1,Food
CNT10254,ZHANGZHOU,Arrived,2025-10-30 14:09:57.551241,2,Machinery
CNT10255,MONNICKENDAM,In Transit,2025-10-30 06:09:57.551248,0,Automobiles
CNT10256,SWINOUJSCIE,In Transit,2025-10-30 07:09:57.551254,3,Oil & Gas
CNT10257,YANTAI,Departed,2025-10-27 09:09:57.551264,3,Automobiles
CNT10258,HUIZHOU ANCH,Delayed,2025-10-26 21:09:57.551272,1,Food
CNT10259,MYRE,In Transit,2025-10-26 02:09:57.551279,24,Food
CNT10260,MOERDIJK,Delayed,2025-10-28 22:09:57.551287,0,Oil & Gas
CNT10261,WILHELMSHAVEN,Arrived,2025-10-25 07:09:57.551293,0,Electronics
CNT10262,ZHANGZHOU,Departed,2025-10-27 07:09:57.551300,3,Chemicals
CNT10263,PORT KLANG,Delayed,2025-10-25 18:09:57.551307,5,Textiles
CNT10264,ZHANGZHOU,Departed,2025-10-26 01:09:57.551314,0,Automobiles
CNT10265,EMDEN,Delayed,2025-10-26 07:09:57.551321,0,Oil & Gas
CNT10266,ANACORTES,In Transit,2025-10-25 05:09:57.551328,0,Automobiles
CNT10267,SHILSHOLE,In Transit,2025-10-28 04:09:57.551335,0,Food
CNT10268,ZHANGZHOU,Departed,2025-10-28 12:09:57.551342,3,Chemicals
CNT10269,NANTONG,Arrived,2025-10-28 13:09:57.551359,1,Automobiles
CNT10270,SYDNEY,In Transit,2025-10-27 18:09:57.551365,0,Textiles
CNT10271,HELLEVOETSLUIS,In Transit,2025-10-28 12:09:57.551371,0,Food
CNT10272,DALIAN,Arrived,2025-10-29 02:09:57.551377,0,Textiles
CNT10273,GRIMSBY,In Transit,2025-10-25 05:09:57.551382,0,Chemicals
CNT10274,CORAL SEA MARINA,In Transit,2025-10-28 02:09:57.551388,2,Automobiles
CNT10275,GIBRALTAR,Departed,2025-10-28 12:09:57.551394,24,Machinery
CNT10276,HAIKOU,Departed,2025-10-26 16:09:57.551400,5,Automobiles
CNT10277,LOME ANCH,Departed,2025-10-30 06:09:57.551406,0,Chemicals
CNT10278,FUJAIRAH ANCH,Arrived,2025-10-29 10:09:57.551412,8,Automobiles
CNT10279,SYDNEY,Departed,2025-10-25 14:09:57.551417,3,Oil & Gas
CNT10280,ZHONGSHAN,In Transit,2025-10-30 10:09:57.551423,3,Automobiles
CNT10281,MUSAFFAH,Arrived,2025-10-25 18:09:57.551436,0,Electronics
CNT10282,QUSHAN,Departed,2025-10-27 07:09:57.551442,0,Automobiles
CNT10283,MANILA ANCH,Departed,2025-10-29 11:09:57.551447,0,Automobiles
CNT10284,LYMINGTON,Departed,2025-10-30 16:09:57.551453,0,Textiles
CNT10285,LAUWERSOOG,In Transit,2025-10-30 20:09:57.551460,0,Machinery
CNT10286,LONG BEACH,Departed,2025-10-30 12:09:57.551465,0,Textiles
CNT10287,CHANGSHU ANCH,Departed,2025-10-26 01:09:57.551471,0,Textiles
CNT10288,NOUMEA,Delayed,2025-10-27 00:09:57.551477,3,Food
CNT10289,HONGWAN,Departed,2025-10-25 02:09:57.551483,0,Electronics
CNT10290,CUXHAVEN,Arrived,2025-10-25 02:09:57.551488,0,Textiles
CNT10291,MURMANSK,Departed,2025-10-28 19:09:57.551494,24,Oil & Gas
CNT10292,TORONTO,Arrived,2025-10-28 21:09:57.551500,12,Chemicals
CNT10293,JINGTANG,Arrived,2025-10-25 05:09:57.551505,3,Oil & Gas
CNT10294,TAIXING,Departed,2025-10-27 13:09:57.551511,24,Chemicals
CNT10295,GLADSTONE,Departed,2025-10-30 15:09:57.551516,1,Automobiles
CNT10296,COWES,In Transit,2025-10-26 11:09:57.551522,24,Food
CNT10297,ROUEN,Departed,2025-10-29 12:09:57.551528,0,Electronics
CNT10298,BARCELONA,Departed,2025-10-29 13:09:57.551534,0,Oil & Gas
CNT10299,LYMINGTON,Delayed,2025-10-28 06:09:57.551540,0,Electronics
CNT10300,AVENTURA,Arrived,2025-10-30 13:09:57.551545,0,Oil & Gas
CNT10301,LUBECK,Delayed,2025-10-29 05:09:57.551551,0,Automobiles
CNT10302,CHENJIAGANG,Arrived,2025-10-27 22:09:57.551558,2,Chemicals
CNT10303,RIO DE JANEIRO,In Transit,2025-10-26 22:09:57.551564,3,Machinery
CNT10304,HO CHI MINH,Arrived,2025-10-26 09:09:57.551570,1,Food
CNT10305,SHEKOU,Departed,2025-10-30 03:09:57.551577,0,Oil & Gas
CNT10306,BREMERHAVEN,Arrived,2025-10-27 17:09:57.551582,5,Oil & Gas
CNT10307,SHILSHOLE,In Transit,2025-10-28 03:09:57.551589,2,Automobiles
CNT10308,ST HELIER,Departed,2025-10-29 06:09:57.551595,0,Food
CNT10309,LIVERPOOL,Departed,2025-10-29 23:09:57.551606,2,Chemicals
CNT10310,PANAMA CANAL,Arrived,2025-10-29 20:09:57.551612,0,Chemicals
CNT10311,ANTWERP ANCH,Delayed,2025-10-29 15:09:57.551619,0,Oil & Gas
CNT10312,IJMUIDEN,Arrived,2025-10-25 07:09:57.551625,12,Machinery
CNT10313,LAKE CHARLES,In Transit,2025-10-30 17:09:57.551631,0,Machinery
CNT10314,MAASBRACHT,Arrived,2025-10-28 16:09:57.551637,0,Electronics
CNT10315,SOLENT,Arrived,2025-10-24 23:09:57.551643,8,Food
CNT10316,LOME ANCH,Arrived,2025-10-29 19:09:57.551649,3,Food
CNT10317,HOPE ISLAND,Departed,2025-10-25 10:09:57.551655,0,Chemicals
CNT10318,SAKAI,Departed,2025-10-28 20:09:57.551661,0,Electronics
CNT10319,NAGOYA,Arrived,2025-10-30 21:09:57.551667,0,Automobiles
CNT10320,IJMUIDEN,Delayed,2025-10-26 05:09:57.551673,2,Food
CNT10321,QIDONG,Departed,2025-10-26 05:09:57.551678,0,Electronics
CNT10322,LEMMER,Departed,2025-10-30 01:09:57.551685,0,Electronics
CNT10323,JINTANG,Departed,2025-10-25 08:09:57.551690,24,Oil & Gas
CNT10324,TOKYO BAY,Departed,2025-10-25 07:09:57.551696,1,Chemicals
CNT10325,LIAN JIANG,Departed,2025-10-25 12:09:57.551702,0,Electronics
CNT10326,QINHUANGDAO ANCH,Arrived,2025-10-25 14:09:57.551708,1,Machinery
CNT10327,NEW YORK,Arrived,2025-10-27 08:09:57.551714,2,Machinery
CNT10328,SNEEK,In Transit,2025-10-28 03:09:57.551720,0,Textiles
CNT10329,LEIXOES,In Transit,2025-10-30 01:09:57.551726,0,Chemicals
CNT10330,BEIHAI,Departed,2025-10-29 15:09:57.551732,5,Oil & Gas
CNT10331,PALEMBANG,Arrived,2025-10-25 19:09:57.551738,0,Automobiles
CNT10332,PENGLAI,Delayed,2025-10-26 05:09:57.551744,1,Textiles
CNT10333,NEMRUT,Departed,2025-10-29 14:09:57.551758,0,Machinery
CNT10334,PANAMA ANCH ATLANTIC,Arrived,2025-10-29 21:09:57.551764,0,Oil & Gas
CNT10335,PORT HARCOURT,Arrived,2025-10-29 23:09:57.551770,0,Textiles
CNT10336,SANTOS,Delayed,2025-10-26 05:09:57.551776,0,Chemicals
CNT10337,ESBJERG,Delayed,2025-10-29 20:09:57.551782,0,Oil & Gas
CNT10338,KAKINADA,Arrived,2025-10-26 12:09:57.551787,0,Chemicals
CNT10339,SHENZHEN,Arrived,2025-10-25 09:09:57.551793,5,Electronics
CNT10340,MUARA BERAU ANCH,Arrived,2025-10-25 15:09:57.551799,24,Food
CNT10341,TROMSO,Delayed,2025-10-30 18:09:57.551805,3,Electronics
CNT10342,LAKE CHARLES,Arrived,2025-10-30 03:09:57.551813,8,Chemicals
CNT10343,RIO DE JANEIRO,Arrived,2025-10-30 13:09:57.551819,0,Oil & Gas
CNT10344,HOPE ISLAND,Delayed,2025-10-26 19:09:57.551826,24,Machinery
CNT10345,TAICHUNG,Arrived,2025-10-29 05:09:57.551832,0,Automobiles
CNT10346,DUBAI,Delayed,2025-10-30 12:09:57.551838,24,Machinery
CNT10347,MELBOURNE,Arrived,2025-10-28 11:09:57.551844,24,Oil & Gas
CNT10348,NANTONG,Arrived,2025-10-28 14:09:57.551850,3,Electronics
CNT10349,HAIKOU,Arrived,2025-10-25 19:09:57.551856,24,Automobiles
CNT10350,RENI,Delayed,2025-10-28 17:09:57.551862,1,Oil & Gas
CNT10351,SANTOS ANCH,In Transit,2025-10-26 02:09:57.551868,0,Chemicals
CNT10352,YOKOHAMA,In Transit,2025-10-25 10:09:57.551878,0,Machinery
CNT10353,PRINCE RUPERT,Departed,2025-10-24 23:09:57.551885,1,Chemicals
CNT10354,SAN DIEGO,Delayed,2025-10-26 02:09:57.551891,0,Automobiles
CNT10355,MANILA ANCH,Arrived,2025-10-26 00:09:57.551896,2,Automobiles
CNT10356,YANGZHOU,Arrived,2025-10-26 23:09:57.551902,24,Machinery
CNT10357,DENIA,In Transit,2025-10-28 20:09:57.551907,0,Chemicals
CNT10358,MUARA BERAU ANCH,Arrived,2025-10-28 13:09:57.551913,3,Textiles
CNT10359,NAGOYA,Arrived,2025-10-26 17:09:57.551920,12,Chemicals
CNT10360,RENI,Arrived,2025-10-25 19:09:57.551926,12,Automobiles
CNT10361,VIGO,Arrived,2025-10-28 22:09:57.551932,24,Chemicals
CNT10362,NEWPORT BEACH,Arrived,2025-10-25 00:09:57.551938,1,Oil & Gas
CNT10363,MARINA PLAZA HARBOR,Departed,2025-10-29 19:09:57.551944,24,Electronics
CNT10364,WENZHOU,Departed,2025-10-25 16:09:57.551950,3,Textiles
CNT10365,DALIAN,In Transit,2025-10-25 20:09:57.551956,0,Food
CNT10366,HUANGPU,In Transit,2025-10-26 03:09:57.551962,0,Oil & Gas
CNT10367,SOUTHAMPTON,Departed,2025-10-26 12:09:57.551968,3,Electronics
CNT10368,TORREVIEJA,Arrived,2025-10-29 09:09:57.551974,0,Food
CNT10369,MARINA DEL REY,Departed,2025-10-29 12:09:57.551980,2,Machinery
CNT10370,YANGPU,Departed,2025-10-25 22:09:57.551986,2,Food
CNT10371,ZHANGZHOU,Arrived,2025-10-30 05:09:57.551992,0,Oil & Gas
CNT10372,FLEVO MARINA,Delayed,2025-10-29 12:09:57.551998,1,Chemicals
CNT10373,SOLENT,Departed,2025-10-30 13:09:57.552004,3,Oil & Gas
CNT10374,CORUNA,Departed,2025-10-29 07:09:57.552009,0,Food
CNT10375,MEIZHOU ISLAND,Departed,2025-10-30 21:09:57.552015,0,Automobiles
CNT10376,HUANGGE,Arrived,2025-10-27 21:09:57.552021,0,Electronics
CNT10377,SANTOS ANCH,In Transit,2025-10-30 06:09:57.552027,0,Electronics
CNT10378,GWANGYANG,Delayed,2025-10-29 09:09:57.552033,12,Food
CNT10379,TAICHUNG,Arrived,2025-10-25 02:09:57.552039,0,Electronics
CNT10380,PANAMA ANCH ATLANTIC,In Transit,2025-10-25 00:09:57.552045,2,Automobiles
CNT10381,MUARA BERAU ANCH,Departed,2025-10-30 09:09:57.552058,0,Oil & Gas
CNT10382,LOS ANGELES,In Transit,2025-10-29 05:09:57.552071,0,Electronics
CNT10383,PANAMA CANAL,Delayed,2025-10-27 13:09:57.552077,5,Food
CNT10384,KJOLLEFJORD,Departed,2025-10-29 07:09:57.552083,3,Textiles
CNT10385,AL JUBAIL,Arrived,2025-10-28 23:09:57.552089,0,Textiles
CNT10386,ZHANJIANG ANCH,Arrived,2025-10-25 07:09:57.552095,0,Machinery
CNT10387,SNEEK,Departed,2025-10-30 05:09:57.552100,0,Electronics
CNT10388,BAYUQUAN,Delayed,2025-10-26 19:09:57.552106,0,Oil & Gas
CNT10389,STAVANGER,Arrived,2025-10-27 15:09:57.552112,2,Food
CNT10390,MARSAMXETT,Arrived,2025-10-29 13:09:57.552118,0,Electronics
CNT10391,VIGO,In Transit,2025-10-25 10:09:57.552123,0,Chemicals
CNT10392,SANREMO,In Transit,2025-10-30 14:09:57.552129,0,Automobiles
CNT10393,FLISVOS,Departed,2025-10-28 11:09:57.552135,12,Electronics
CNT10394,SOUTHAMPTON,Arrived,2025-10-28 15:09:57.552141,24,Electronics
CNT10395,HAI PHONG,Arrived,2025-10-27 07:09:57.552149,0,Textiles
CNT10396,KLAIPEDA,Arrived,2025-10-27 03:09:57.552155,3,Automobiles
CNT10397,HANSTHOLM,In Transit,2025-10-25 09:09:57.552162,0,Food
CNT10398,BREMEN,Arrived,2025-10-25 11:09:57.552169,0,Electronics
CNT10399,RENI,Departed,2025-10-29 22:09:57.552174,3,Textiles
CNT10400,MARINA PLAZA HARBOR,Arrived,2025-10-29 22:09:57.552180,12,Machinery
CNT10401,AL JUBAIL,Departed,2025-10-25 17:09:57.552187,24,Automobiles
CNT10402,CORPUS CHRISTI,Delayed,2025-10-28 00:09:57.552194,1,Textiles
CNT10403,GOSPORT,In Transit,2025-10-30 21:09:57.552199,0,Textiles
CNT10404,SITRAH,Arrived,2025-10-27 19:09:57.552205,3,Oil & Gas
CNT10405,TORONTO,Arrived,2025-10-27 05:09:57.552211,0,Textiles
CNT10406,QINHUANGDAO ANCH,Arrived,2025-10-29 02:09:57.552216,1,Oil & Gas
CNT10407,HAMBURG,In Transit,2025-10-30 09:09:57.552222,0,Electronics
CNT10408,VUNG TAU,In Transit,2025-10-29 12:09:57.552228,2,Electronics
CNT10409,AUCKLAND,Departed,2025-10-30 02:09:57.552233,0,Machinery
CNT10410,MAASBRACHT,Delayed,2025-10-30 09:09:57.552239,0,Chemicals
CNT10411,HAIFA,Delayed,2025-10-25 17:09:57.552244,12,Chemicals
CNT10412,AVENTURA,Arrived,2025-10-30 15:09:57.552251,0,Chemicals
CNT10413,ZAANDAM,In Transit,2025-10-25 21:09:57.552256,1,Oil & Gas
CNT10414,NINGBO,Departed,2025-10-26 10:09:57.552262,0,Automobiles
CNT10415,MUHARRAQ,Departed,2025-10-27 03:09:57.552268,0,Automobiles
CNT10416,ZHOUSHAN ANCH,Departed,2025-10-29 04:09:57.552274,0,Machinery
CNT10417,CHANGZHOU,Arrived,2025-10-26 11:09:57.552280,0,Automobiles
CNT10418,DONGYING,Arrived,2025-10-25 01:09:57.552286,8,Chemicals
CNT10419,SCHEVENINGEN,Delayed,2025-10-27 06:09:57.552292,0,Chemicals
CNT10420,PALMA DE MALLORCA,Arrived,2025-10-25 17:09:57.552298,24,Textiles
CNT10421,QUEBEC,Delayed,2025-10-25 14:09:57.552304,1,Automobiles
CNT10422,DONGJIAKOU,Arrived,2025-10-29 20:09:57.552315,0,Electronics
CNT10423,XIUYU,Departed,2025-10-27 20:09:57.552321,1,Electronics
CNT10424,CAOFEIDIAN,Arrived,2025-10-25 01:09:57.552327,1,Textiles
CNT10425,DAKAR,Departed,2025-10-25 11:09:57.552333,3,Textiles
CNT10426,BREMEN,Delayed,2025-10-25 00:09:57.552338,0,Textiles
CNT10427,OSAKA,Arrived,2025-10-28 05:09:57.552344,0,Electronics
CNT10428,HO CHI MINH,Departed,2025-10-27 04:09:57.552349,8,Chemicals
CNT10429,HOORN,Departed,2025-10-30 09:09:57.552355,12,Textiles
CNT10430,FALSE CREEK,Delayed,2025-10-29 21:09:57.552360,8,Machinery
CNT10431,HINDELOOPEN,In Transit,2025-10-25 21:09:57.552366,0,Oil & Gas
CNT10432,PRINCE RUPERT,Delayed,2025-10-28 07:09:57.552377,3,Textiles
CNT10433,HOUSTON ANCH,Arrived,2025-10-27 09:09:57.552382,0,Oil & Gas
CNT10434,RENI,Arrived,2025-10-26 22:09:57.552388,0,Food
CNT10435,NAGOYA,Arrived,2025-10-27 12:09:57.552394,0,Textiles
CNT10436,NANJING,Departed,2025-10-29 11:09:57.552399,1,Electronics
CNT10437,KAOHSIUNG,Arrived,2025-10-29 10:09:57.552405,0,Automobiles
CNT10438,YANTAI ANCH,Departed,2025-10-28 01:09:57.552410,0,Textiles
CNT10439,TIANJIN ANCH,Departed,2025-10-26 03:09:57.552416,8,Automobiles
CNT10440,QUANZHOU,Departed,2025-10-27 07:09:57.552421,0,Food
CNT10441,MUSAFFAH,Delayed,2025-10-29 18:09:57.552427,0,Machinery
CNT10442,HELLEVOETSLUIS,Arrived,2025-10-29 01:09:57.552432,0,Automobiles
CNT10443,ZHOUSHAN ANCH,Arrived,2025-10-25 16:09:57.552438,12,Oil & Gas
CNT10444,PORT EVERGLADES,Delayed,2025-10-28 19:09:57.552444,1,Chemicals
CNT10445,ULSAN,Departed,2025-10-29 14:09:57.552449,0,Textiles
CNT10446,XIANGSHAN,Delayed,2025-10-27 12:09:57.552455,5,Food
CNT10447,SINGAPORE,Departed,2025-10-29 17:09:57.552460,5,Food
CNT10448,MUARA BERAU ANCH,Arrived,2025-10-29 14:09:57.552466,0,Automobiles
CNT10449,TAMPA,In Transit,2025-10-26 20:09:57.552471,2,Machinery
CNT10450,DENIA,Delayed,2025-10-27 06:09:57.552476,3,Electronics
CNT10451,SAN DIEGO,Delayed,2025-10-29 19:09:57.552482,2,Textiles
CNT10452,GLADSTONE,Arrived,2025-10-26 18:09:57.552487,0,Food
CNT10453,PANAMA CANAL,Departed,2025-10-25 01:09:57.552493,8,Machinery
CNT10454,ALGECIRAS,Departed,2025-10-26 20:09:57.552498,1,Chemicals
CNT10455,SZCZECIN,Arrived,2025-10-30 20:09:57.552504,0,Food
CNT10456,JINGTANG ANCH,In Transit,2025-10-26 20:09:57.552514,0,Machinery
CNT10457,MUARA BERAU ANCH,Arrived,2025-10-28 03:09:57.552521,0,Electronics
CNT10458,GOTEBORG,In Transit,2025-10-30 01:09:57.552527,0,Electronics
CNT10459,MARINA DEL REY,Departed,2025-10-28 00:09:57.552532,3,Food
CNT10460,GDYNIA,Arrived,2025-10-29 04:09:57.552538,0,Oil & Gas
CNT10461,HAMBLE POINT,Departed,2025-10-30 14:09:57.552544,0,Food
CNT10462,ALIMOS,In Transit,2025-10-28 15:09:57.552549,1,Automobiles
CNT10463,LAUWERSOOG,Delayed,2025-10-30 21:09:57.552555,0,Textiles
CNT10464,LAGOS ANCH,In Transit,2025-10-27 18:09:57.552561,24,Machinery
CNT10465,SOUTHAMPTON,Delayed,2025-10-27 10:09:57.552567,0,Food
CNT10466,TERNEUZEN,Delayed,2025-10-30 15:09:57.552573,0,Textiles
CNT10467,GUERNSEY,In Transit,2025-10-26 23:09:57.552579,0,Automobiles
CNT10468,QINHUANGDAO ANCH,Arrived,2025-10-25 00:09:57.552585,0,Textiles
CNT10469,GUANGZHOU,Departed,2025-10-29 08:09:57.552591,0,Food
CNT10470,PANAMA ANCH PACIFIC,Arrived,2025-10-29 14:09:57.552597,3,Electronics
CNT10471,MEDEMBLIK,In Transit,2025-10-28 19:09:57.552603,24,Machinery
CNT10472,DALIAN,In Transit,2025-10-29 19:09:57.552609,0,Machinery
CNT10473,QINHUANGDAO,Arrived,2025-10-28 06:09:57.552615,2,Electronics
CNT10474,GUERNSEY,Delayed,2025-10-29 10:09:57.552621,3,Oil & Gas
CNT10475,LEIXOES,In Transit,2025-10-27 00:09:57.552627,5,Food
CNT10476,BRUINISSE,Arrived,2025-10-26 08:09:57.552632,0,Machinery
CNT10477,GLADSTONE,Departed,2025-10-26 19:09:57.552637,0,Food
CNT10478,TUZLA,In Transit,2025-10-27 18:09:57.552643,0,Automobiles
CNT10479,RAS TANURA,Arrived,2025-10-28 18:09:57.552652,3,Food
CNT10480,ABIDJAN,Delayed,2025-10-27 13:09:57.552658,5,Textiles
CNT10481,MOSCOW,Arrived,2025-10-26 22:09:57.552664,0,Electronics
CNT10482,SANTOS,In Transit,2025-10-27 23:09:57.552676,0,Oil & Gas
CNT10483,TONGYEONG,In Transit,2025-10-25 02:09:57.552681,12,Food
CNT10484,TAICANG ANCH,In Transit,2025-10-29 01:09:57.552687,5,Oil & Gas
CNT10485,ANTIBES,Departed,2025-10-27 19:09:57.552692,24,Oil & Gas
CNT10486,MOERDIJK,In Transit,2025-10-28 15:09:57.552698,3,Automobiles
CNT10487,FUZHOU,In Transit,2025-10-25 01:09:57.552704,0,Chemicals
CNT10488,JIMIYA,Departed,2025-10-30 03:09:57.552710,1,Electronics
CNT10489,MEIZHOU ISLAND,In Transit,2025-10-26 12:09:57.552716,2,Oil & Gas
CNT10490,TOKYO BAY,Arrived,2025-10-30 06:09:57.552722,0,Machinery
CNT10491,LUSHUN,Departed,2025-10-25 21:09:57.552728,1,Textiles
CNT10492,HAZIRA,Arrived,2025-10-27 06:09:57.552734,3,Machinery
CNT10493,PALM BEACH,Arrived,2025-10-29 01:09:57.552741,0,Automobiles
CNT10494,VUNG TAU,Arrived,2025-10-27 19:09:57.552747,3,Automobiles
CNT10495,NEW YORK,Delayed,2025-10-26 14:09:57.552753,1,Machinery
CNT10496,PORT EVERGLADES,Departed,2025-10-27 09:09:57.552759,24,Electronics
CNT10497,YALOVA,Delayed,2025-10-29 09:09:57.552769,0,Machinery
CNT10498,LONG BEACH,Arrived,2025-10-27 06:09:57.552774,0,Food
CNT10499,XIAMEN,Departed,2025-10-26 04:09:57.552780,2,Machinery
CNT10500,PETROPAVLOVSK,Departed,2025-10-28 09:09:57.552785,0,Textiles
CNT10501,EVERETT,Delayed,2025-10-26 09:09:57.552790,3,Textiles
CNT10502,HON GAI ANCH,Departed,2025-10-29 09:09:57.552796,3,Chemicals
CNT10503,TORREVIEJA,Delayed,2025-10-29 07:09:57.552803,0,Textiles
CNT10504,AMSTERDAM,In Transit,2025-10-28 11:09:57.552809,1,Machinery
CNT10505,DAMMAM ANCH,Delayed,2025-10-30 12:09:57.552814,1,Textiles
CNT10506,COLOMBO,Arrived,2025-10-25 11:09:57.552820,0,Electronics
CNT10507,JEBEL ALI,Arrived,2025-10-29 21:09:57.552827,12,Oil & Gas
CNT10508,HOUSTON,In Transit,2025-10-30 15:09:57.552833,5,Textiles
CNT10509,MAKKUM,Arrived,2025-10-28 05:09:57.552838,2,Food
CNT10510,FANGCHENG,In Transit,2025-10-30 21:09:57.552844,3,Electronics
CNT10511,RIGA,Departed,2025-10-29 07:09:57.552849,0,Chemicals
CNT10512,DONGJIAKOU,In Transit,2025-10-27 19:09:57.552854,12,Food
CNT10513,KAMSAR ANCH,Delayed,2025-10-26 17:09:57.552860,2,Machinery
CNT10514,ROTTERDAM MAASVLAKTE,In Transit,2025-10-27 22:09:57.552866,3,Oil & Gas
CNT10515,AUCKLAND,Departed,2025-10-26 18:09:57.552871,8,Machinery
CNT10516,HAIFA,Delayed,2025-10-29 08:09:57.552877,0,Oil & Gas
CNT10517,LAGOS ANCH,Departed,2025-10-28 09:09:57.552882,5,Oil & Gas
CNT10518,QUANZHOU ANCH,Departed,2025-10-28 07:09:57.552888,0,Machinery
CNT10519,WEIHAI,Delayed,2025-10-29 08:09:57.552893,0,Food
CNT10520,HAMRIYA,In Transit,2025-10-25 18:09:57.552898,0,Food
CNT10521,BATSFJORD,In Transit,2025-10-25 04:09:57.552906,24,Oil & Gas
CNT10522,RAS TANURA,Delayed,2025-10-27 19:09:57.552911,8,Food
CNT10523,PORTLAND OR,Departed,2025-10-30 04:09:57.552916,3,Oil & Gas
CNT10524,ALAMITOS BAY,Departed,2025-10-30 20:09:57.552921,3,Oil & Gas
CNT10525,MOSCOW,Delayed,2025-10-30 20:09:57.552927,1,Electronics
CNT10526,PALMA DE MALLORCA,Arrived,2025-10-29 21:09:57.552933,12,Automobiles
CNT10527,LOS ANGELES,Arrived,2025-10-30 05:09:57.552938,0,Electronics
CNT10528,CAPE TOWN,Departed,2025-10-30 19:09:57.552944,0,Machinery
CNT10529,DONG GUAN,Arrived,2025-10-27 06:09:57.552949,0,Automobiles
CNT10530,FETHIYE,Arrived,2025-10-27 07:09:57.552954,3,Textiles
CNT10531,JIANGYIN ANCH,Arrived,2025-10-25 18:09:57.552960,3,Machinery
CNT10532,ZHUJIAN KOU ANCH,Arrived,2025-10-28 07:09:57.552965,0,Chemicals
CNT10533,LIVORNO,Arrived,2025-10-27 18:09:57.552977,0,Electronics
CNT10534,QINHUANGDAO,In Transit,2025-10-30 08:09:57.552983,5,Food
CNT10535,MOSCOW,Departed,2025-10-28 12:09:57.552989,0,Electronics
CNT10536,HONOLULU,Departed,2025-10-26 22:09:57.552994,3,Food
CNT10537,LE HAVRE,Delayed,2025-10-29 16:09:57.552999,24,Automobiles
CNT10538,YALOVA,Arrived,2025-10-28 14:09:57.553005,0,Chemicals
CNT10539,ST HELIER,In Transit,2025-10-28 10:09:57.553011,0,Automobiles
CNT10540,SRIRACHA ANCH,Delayed,2025-10-30 05:09:57.553017,3,Chemicals
CNT10541,DALIAN,Arrived,2025-10-30 17:09:57.553026,5,Electronics
CNT10542,YEOSU ANCH,Departed,2025-10-29 18:09:57.553032,1,Food
CNT10543,PORT KLANG,In Transit,2025-10-30 04:09:57.553037,24,Automobiles
CNT10544,DONGJIAKOU,In Transit,2025-10-27 20:09:57.553043,0,Chemicals
CNT10545,ZHONGSHAN,Departed,2025-10-28 11:09:57.553049,1,Oil & Gas
CNT10546,DUBAI,Delayed,2025-10-26 06:09:57.553054,3,Machinery
CNT10547,GOCEK,Arrived,2025-10-28 06:09:57.553060,8,Machinery
CNT10548,JIANGYIN,In Transit,2025-10-27 10:09:57.553065,0,Automobiles
CNT10549,TONGLING,Arrived,2025-10-27 10:09:57.553071,5,Food
CNT10550,XINSHA,In Transit,2025-10-28 23:09:57.553077,1,Oil & Gas
CNT10551,BERGEN,Delayed,2025-10-26 01:09:57.553082,0,Automobiles
CNT10552,SCHEVENINGEN,Delayed,2025-10-26 16:09:57.553088,0,Electronics
CNT10553,ROUEN,Departed,2025-10-28 11:09:57.553093,8,Chemicals
CNT10554,PARANAGUA,Arrived,2025-10-25 14:09:57.553098,0,Electronics
CNT10555,LAIZHOU BAY,Arrived,2025-10-28 23:09:57.553104,0,Machinery
CNT10556,PETROPAVLOVSK,Arrived,2025-10-28 23:09:57.553110,0,Chemicals
CNT10557,ZAKUM,Arrived,2025-10-27 14:09:57.553115,8,Automobiles
CNT10558,LIAN JIANG,Delayed,2025-10-27 23:09:57.553121,2,Electronics
CNT10559,JINTANG,Departed,2025-10-28 10:09:57.553126,3,Textiles
CNT10560,RIO DE JANEIRO,Arrived,2025-10-25 02:09:57.553131,0,Food
CNT10561,SAINT TROPEZ,In Transit,2025-10-24 23:09:57.553137,2,Oil & Gas
CNT10562,MUNDRA,In Transit,2025-10-25 19:09:57.553143,1,Oil & Gas
CNT10563,BREMERHAVEN,In Transit,2025-10-29 13:09:57.553148,5,Food
CNT10564,NANSHA ANCH,In Transit,2025-10-27 06:09:57.553156,12,Textiles
CNT10565,ZHOUSHAN ANCH,Arrived,2025-10-27 15:09:57.553162,0,Machinery
CNT10566,NAGOYA,Departed,2025-10-27 23:09:57.553168,2,Chemicals
CNT10567,CHONGQING,Delayed,2025-10-28 23:09:57.553174,0,Food
CNT10568,HUANGPU,Delayed,2025-10-30 21:09:57.553179,1,Textiles
CNT10569,HALIFAX,Arrived,2025-10-29 13:09:57.553185,0,Automobiles
CNT10570,LAEM CHABANG,In Transit,2025-10-30 02:09:57.553190,0,Oil & Gas
CNT10571,WEIHAI,Arrived,2025-10-28 11:09:57.553196,0,Textiles
CNT10572,QINHUANGDAO,Arrived,2025-10-28 01:09:57.553202,2,Machinery
CNT10573,NOUMEA,Departed,2025-10-28 13:09:57.553207,0,Machinery
CNT10574,HOPE ISLAND,Departed,2025-10-26 11:09:57.553213,3,Electronics
CNT10575,OOSTENDE,Departed,2025-10-27 08:09:57.553218,0,Food
CNT10576,FUZHOU,Arrived,2025-10-30 15:09:57.553225,0,Electronics
CNT10577,ROTTERDAM CENTRUM,In Transit,2025-10-29 00:09:57.553231,3,Oil & Gas
CNT10578,MONNICKENDAM,Arrived,2025-10-27 12:09:57.553236,0,Textiles
CNT10579,PORT HEDLAND,Arrived,2025-10-26 22:09:57.553242,0,Chemicals
CNT10580,TAICANG ANCH,In Transit,2025-10-26 05:09:57.553248,2,Chemicals
CNT10581,LUSHUN,In Transit,2025-10-30 12:09:57.553253,0,Machinery
CNT10582,CAIRNS,In Transit,2025-10-25 18:09:57.553259,0,Chemicals
CNT10583,BEIHAI,In Transit,2025-10-25 17:09:57.553264,0,Chemicals
CNT10584,QINHUANGDAO,Delayed,2025-10-30 04:09:57.553275,12,Oil & Gas
CNT10585,NEWPORT,Departed,2025-10-27 17:09:57.553284,2,Chemicals
CNT10586,SHANGHAI,Arrived,2025-10-29 11:09:57.553289,2,Textiles
CNT10587,LUOYUAN,Departed,2025-10-29 17:09:57.553295,2,Chemicals
CNT10588,DURBAN,Departed,2025-10-30 20:09:57.553300,0,Automobiles
CNT10589,GENOVA,Arrived,2025-10-29 21:09:57.553306,0,Chemicals
CNT10590,FUJAIRAH ANCH,Delayed,2025-10-28 04:09:57.553311,3,Chemicals
CNT10591,GDANSK,Departed,2025-10-29 17:09:57.553316,0,Electronics
CNT10592,YEOSU,Arrived,2025-10-28 17:09:57.553321,0,Textiles
CNT10593,GAOGANG,Arrived,2025-10-25 11:09:57.553329,0,Machinery
CNT10594,IZMAIL,Delayed,2025-10-30 02:09:57.553335,0,Electronics
CNT10595,XIANGSHAN,Arrived,2025-10-27 07:09:57.553340,24,Food
CNT10596,HAIKOU,In Transit,2025-10-26 01:09:57.553346,0,Textiles
CNT10597,PIRAEUS,Departed,2025-10-25 23:09:57.553352,1,Automobiles
CNT10598,BERLIN,Departed,2025-10-29 14:09:57.553358,0,Textiles
CNT10599,YANTAI ANCH,Departed,2025-10-27 15:09:57.553364,24,Food
CNT10600,ALAMITOS BAY,In Transit,2025-10-30 08:09:57.553370,0,Food
CNT10601,VANCOUVER,Departed,2025-10-26 17:09:57.553376,0,Food
CNT10602,PARIS,Delayed,2025-10-28 22:09:57.553381,3,Oil & Gas
CNT10603,PANAMA CANAL,Departed,2025-10-26 15:09:57.553387,3,Machinery
CNT10604,LONG BEACH,Arrived,2025-10-25 03:09:57.553392,0,Chemicals
CNT10605,SAKAI,In Transit,2025-10-25 20:09:57.553397,0,Textiles
CNT10606,ZHAPU,Delayed,2025-10-28 14:09:57.553403,0,Oil & Gas
CNT10607,HUMEN,Delayed,2025-10-30 00:09:57.553407,0,Chemicals
CNT10608,RIO DE JANEIRO,In Transit,2025-10-27 00:09:57.553412,0,Chemicals
CNT10609,PORTLAND UK,In Transit,2025-10-25 08:09:57.553418,0,Automobiles
CNT10610,FULING,Delayed,2025-10-25 09:09:57.553423,0,Food
CNT10611,JAKARTA ANCH,In Transit,2025-10-27 23:09:57.553428,0,Machinery
CNT10612,CHITTAGONG ANCH,Delayed,2025-10-25 05:09:57.553434,2,Automobiles
CNT10613,KUSHIRO,Delayed,2025-10-26 14:09:57.553439,24,Electronics
CNT10614,HELLEVOETSLUIS,Delayed,2025-10-28 10:09:57.553444,2,Oil & Gas
CNT10615,VANCOUVER,Delayed,2025-10-27 21:09:57.553449,0,Oil & Gas
CNT10616,LAIZHOU BAY,Arrived,2025-10-27 04:09:57.553454,0,Machinery
CNT10617,PLYMOUTH,In Transit,2025-10-30 14:09:57.553460,24,Chemicals
CNT10618,MUHARRAQ,In Transit,2025-10-26 20:09:57.553465,0,Oil & Gas
CNT10619,VOLENDAM,Arrived,2025-10-30 20:09:57.553470,0,Machinery
CNT10620,PRINCE RUPERT,In Transit,2025-10-29 05:09:57.553475,1,Oil & Gas
CNT10621,ZEEBRUGGE,Arrived,2025-10-26 15:09:57.553480,2,Oil & Gas
CNT10622,KAMSAR ANCH,Departed,2025-10-27 09:09:57.553485,2,Food
CNT10623,QUSHAN,Delayed,2025-10-25 09:09:57.553491,0,Electronics
CNT10624,FUZHOU,Arrived,2025-10-30 07:09:57.553496,0,Food
CNT10625,TAIPEI,In Transit,2025-10-25 04:09:57.553501,24,Electronics
CNT10626,ISKENDERUN,In Transit,2025-10-28 05:09:57.553506,0,Oil & Gas
CNT10627,NEW YORK,Departed,2025-10-30 08:09:57.553511,2,Automobiles
CNT10628,FOURCHON,Arrived,2025-10-29 10:09:57.553516,3,Chemicals
CNT10629,KLAIPEDA,Arrived,2025-10-25 00:09:57.553521,2,Oil & Gas
CNT10630,SANTOS ANCH,Delayed,2025-10-26 00:09:57.553526,0,Electronics
CNT10631,TACOMA,In Transit,2025-10-29 15:09:57.553531,0,Electronics
CNT10632,KAOHSIUNG ANCH,Delayed,2025-10-29 08:09:57.553541,1,Electronics
CNT10633,SINGAPORE ANCH,Arrived,2025-10-26 13:09:57.553546,8,Oil & Gas
CNT10634,BALTIMORE,Delayed,2025-10-30 06:09:57.553551,12,Machinery
CNT10635,TIANJIN,Departed,2025-10-25 05:09:57.553556,0,Automobiles
CNT10636,PALM BEACH,Delayed,2025-10-29 02:09:57.553567,0,Machinery
CNT10637,COWES,Arrived,2025-10-30 01:09:57.553572,12,Chemicals
CNT10638,FOURCHON,Delayed,2025-10-29 08:09:57.553577,3,Oil & Gas
CNT10639,DURBAN,Departed,2025-10-29 02:09:57.553582,8,Electronics
CNT10640,LE HAVRE,In Transit,2025-10-25 01:09:57.553588,0,Automobiles
CNT10641,MEDEMBLIK,Departed,2025-10-29 11:09:57.553593,1,Automobiles
CNT10642,GUAYAQUIL,Delayed,2025-10-25 16:09:57.553598,3,Textiles
CNT10643,BALTIMORE,In Transit,2025-10-26 05:09:57.553603,2,Chemicals
CNT10644,NAGOYA,Arrived,2025-10-30 14:09:57.553608,0,Automobiles
CNT10645,SWINOUJSCIE,In Transit,2025-10-25 09:09:57.553614,0,Oil & Gas
CNT10646,GENOVA,Delayed,2025-10-30 16:09:57.553619,1,Electronics
CNT10647,HEILIGENHAFEN,Arrived,2025-10-26 19:09:57.553624,0,Electronics
CNT10648,COWES,Departed,2025-10-29 20:09:57.553629,0,Automobiles
CNT10649,NANJING,Delayed,2025-10-25 13:09:57.553636,24,Machinery
CNT10650,ANTWERP,Arrived,2025-10-30 06:09:57.553642,0,Chemicals
CNT10651,GLADSTONE,Departed,2025-10-27 12:09:57.553647,5,Electronics
CNT10652,NGHI SON,Departed,2025-10-29 10:09:57.553652,0,Automobiles
CNT10653,LONG BEACH,Delayed,2025-10-29 20:09:57.553657,2,Electronics
CNT10654,SHARJAH ANCH,Arrived,2025-10-25 18:09:57.553678,24,Automobiles
CNT10655,PENGLAI,In Transit,2025-10-25 10:09:57.553683,0,Chemicals
CNT10656,AL JUBAIL,In Transit,2025-10-25 01:09:57.553693,0,Automobiles
CNT10657,MANILA ANCH,In Transit,2025-10-29 03:09:57.553698,0,Textiles
CNT10658,ONSAN,Delayed,2025-10-27 08:09:57.553703,0,Automobiles
CNT10659,HUANGGE,Arrived,2025-10-30 05:09:57.553709,3,Automobiles
CNT10660,WENZHOU,Delayed,2025-10-26 00:09:57.553714,12,Oil & Gas
CNT10661,CAIRNS,Arrived,2025-10-27 18:09:57.553719,0,Chemicals
CNT10662,DARWIN,Arrived,2025-10-25 22:09:57.553724,0,Oil & Gas
CNT10663,MARSAMXETT,Departed,2025-10-30 08:09:57.553729,0,Automobiles
CNT10664,TAMPA,Departed,2025-10-28 22:09:57.553734,3,Chemicals
CNT10665,HAMBURG,Delayed,2025-10-25 22:09:57.553739,0,Textiles
CNT10666,TOKYO BAY,Delayed,2025-10-30 03:09:57.553745,1,Chemicals
CNT10667,SANREMO,Departed,2025-10-30 10:09:57.553750,2,Electronics
CNT10668,CAOFEIDIAN ANCH,Arrived,2025-10-25 06:09:57.553756,2,Oil & Gas
CNT10669,BINZHOU,In Transit,2025-10-29 17:09:57.553761,0,Chemicals
CNT10670,PORT KLANG,Departed,2025-10-30 11:09:57.553767,3,Textiles
CNT10671,HUIZHOU ANCH,Departed,2025-10-27 09:09:57.553772,0,Food
CNT10672,GUERNSEY,Arrived,2025-10-29 22:09:57.553777,0,Automobiles
CNT10673,WENZHOU ANCH,Delayed,2025-10-30 16:09:57.553784,8,Chemicals
CNT10674,TOKYO BAY,Delayed,2025-10-29 09:09:57.553789,3,Automobiles
CNT10675,YIZHENG,Arrived,2025-10-29 09:09:57.553813,0,Machinery
CNT10676,NEUSTADT,Arrived,2025-10-30 08:09:57.553822,0,Electronics
CNT10677,ZHENJIANG,Delayed,2025-10-28 01:09:57.553828,0,Oil & Gas
CNT10678,TAIZHOU,Delayed,2025-10-26 03:09:57.553833,0,Electronics
CNT10679,CHITTAGONG ANCH,Arrived,2025-10-25 18:09:57.553838,0,Machinery
CNT10680,PORTIMAO,In Transit,2025-10-26 07:09:57.553843,0,Machinery
CNT10681,HONG KONG,Arrived,2025-10-26 14:09:57.553849,0,Oil & Gas
CNT10682,JINGTANG ANCH,Departed,2025-10-27 00:09:57.553854,3,Chemicals
CNT10683,ALGECIRAS,In Transit,2025-10-28 07:09:57.553860,2,Machinery
CNT10684,MOERDIJK,Departed,2025-10-27 07:09:57.553865,2,Food
CNT10685,HAMBLE POINT,Delayed,2025-10-28 00:09:57.553876,0,Automobiles
CNT10686,SANYA,Departed,2025-10-25 20:09:57.553882,24,Automobiles
CNT10687,KAOHSIUNG,Arrived,2025-10-30 05:09:57.553887,5,Textiles
CNT10688,PORTLAND OR,In Transit,2025-10-25 14:09:57.553892,5,Machinery
CNT10689,LELYSTAD HAVEN,Departed,2025-10-27 18:09:57.553898,5,Machinery
CNT10690,DORDRECHT,In Transit,2025-10-29 09:09:57.553904,12,Food
CNT10691,DONGJIAKOU,Arrived,2025-10-30 16:09:57.553909,1,Electronics
CNT10692,VLADIVOSTOK,Arrived,2025-10-28 19:09:57.553914,0,Electronics
CNT10693,PORT DU CROUESTY,Arrived,2025-10-25 12:09:57.553919,2,Automobiles
CNT10694,PORT HAMBLE,Delayed,2025-10-28 16:09:57.553924,3,Automobiles
CNT10695,DORDRECHT,Departed,2025-10-26 06:09:57.553929,3,Chemicals
CNT10696,POOLE,In Transit,2025-10-30 02:09:57.553934,1,Oil & Gas
CNT10697,MUMBAI ANCH,Departed,2025-10-25 13:09:57.553938,0,Food
CNT10698,ISTANBUL ANCH,In Transit,2025-10-27 15:09:57.553944,0,Oil & Gas
CNT10699,COLOMBO,Arrived,2025-10-26 20:09:57.553949,12,Oil & Gas
CNT10700,XINSHA,In Transit,2025-10-30 01:09:57.553953,1,Textiles
CNT10701,LIVORNO,Delayed,2025-10-24 22:09:57.553959,1,Oil & Gas
CNT10702,TUZLA,Delayed,2025-10-28 12:09:57.553964,0,Textiles
CNT10703,YANGPU,In Transit,2025-10-30 05:09:57.553970,0,Oil & Gas
CNT10704,MIZUSHIMA,Delayed,2025-10-27 16:09:57.553975,8,Food
CNT10705,BANDAR ABBAS ANCH,Delayed,2025-10-25 01:09:57.553981,2,Textiles
CNT10706,SOLENT,Arrived,2025-10-26 20:09:57.553986,3,Electronics
CNT10707,MONACO,Arrived,2025-10-26 11:09:57.553991,0,Textiles
CNT10708,BREMEN,In Transit,2025-10-30 20:09:57.553996,2,Textiles
CNT10709,RAS LAFFAN,Delayed,2025-10-25 18:09:57.554001,0,Food
CNT10710,NOVOROSSIYSK,Delayed,2025-10-27 06:09:57.554007,3,Food
CNT10711,GUAYAQUIL,Departed,2025-10-29 18:09:57.554012,0,Textiles
CNT10712,KAOHSIUNG ANCH,Arrived,2025-10-26 19:09:57.554017,0,Machinery
CNT10713,PARANAGUA ANCH,Arrived,2025-10-30 19:09:57.554023,2,Food
CNT10714,TORREVIEJA,Delayed,2025-10-26 12:09:57.554029,12,Chemicals
CNT10715,YANTAI ANCH,Departed,2025-10-30 14:09:57.554035,0,Chemicals
CNT10716,GWANGYANG,Arrived,2025-10-29 00:09:57.554040,5,Electronics
CNT10717,ZHUHAI,Departed,2025-10-28 02:09:57.554046,0,Oil & Gas
CNT10718,MUARA BERAU ANCH,Arrived,2025-10-29 16:09:57.554066,0,Textiles
CNT10719,HOUSTON,Departed,2025-10-30 11:09:57.554076,0,Machinery
CNT10720,STELLENDAM,Arrived,2025-10-28 16:09:57.554081,0,Electronics
CNT10721,GENOVA,Delayed,2025-10-28 23:09:57.554086,1,Textiles
CNT10722,WENZHOU,Departed,2025-10-29 21:09:57.554091,0,Food
CNT10723,SANTOS,Departed,2025-10-26 19:09:57.554096,0,Chemicals
CNT10724,FETHIYE,Arrived,2025-10-26 11:09:57.554101,12,Automobiles
CNT10725,CORAL SEA MARINA,Arrived,2025-10-30 19:09:57.554106,0,Machinery
CNT10726,SAN DIEGO,Departed,2025-10-29 01:09:57.554111,3,Automobiles
CNT10727,HUIZHOU ANCH,Departed,2025-10-27 21:09:57.554116,0,Chemicals
CNT10728,MELBOURNE,Delayed,2025-10-26 08:09:57.554121,2,Oil & Gas
CNT10729,GALVESTON,Arrived,2025-10-26 03:09:57.554126,0,Oil & Gas
CNT10730,AMSTERDAM,Delayed,2025-10-28 03:09:57.554131,0,Automobiles
CNT10731,PORT HEDLAND,In Transit,2025-10-28 09:09:57.554136,0,Food
CNT10732,MONACO,Delayed,2025-10-29 14:09:57.554141,0,Textiles
CNT10733,PETROPAVLOVSK,Arrived,2025-10-25 22:09:57.554146,0,Food
CNT10734,CHANGXINDAO,Departed,2025-10-28 13:09:57.554151,2,Automobiles
CNT10735,OSAKA,Arrived,2025-10-25 11:09:57.554160,8,Food
CNT10736,JIMIYA,Arrived,2025-10-29 03:09:57.554171,5,Chemicals
CNT10737,MELBOURNE,In Transit,2025-10-28 08:09:57.554177,2,Machinery
CNT10738,HUANGHUA,Arrived,2025-10-29 11:09:57.554182,0,Food
CNT10739,NORFOLK,Departed,2025-10-30 08:09:57.554187,0,Chemicals
CNT10740,CALLAO,Delayed,2025-10-25 16:09:57.554192,0,Machinery
CNT10741,MONACO,Delayed,2025-10-26 01:09:57.554197,0,Oil & Gas
CNT10742,MOSCOW,Departed,2025-10-27 20:09:57.554239,1,Textiles
CNT10743,PORTIMAO,Arrived,2025-10-27 12:09:57.554244,1,Automobiles
CNT10744,SHILSHOLE,Departed,2025-10-27 22:09:57.554249,0,Oil & Gas
CNT10745,HUANGHUA ANCH,Departed,2025-10-30 01:09:57.554254,0,Textiles
CNT10746,ZHUHAI,Arrived,2025-10-29 20:09:57.554259,5,Oil & Gas
CNT10747,FOURCHON,Departed,2025-10-29 22:09:57.554264,3,Electronics
CNT10748,CAIRNS,Arrived,2025-10-25 16:09:57.554275,0,Oil & Gas
CNT10749,SANREMO,Arrived,2025-10-30 19:09:57.554280,12,Chemicals
CNT10750,DENIA,Departed,2025-10-29 21:09:57.554285,24,Machinery
CNT10751,LOME ANCH,Arrived,2025-10-27 10:09:57.554290,0,Oil & Gas
CNT10752,ZHAPU,Departed,2025-10-26 03:09:57.554296,0,Food
CNT10753,HELSINKI,Delayed,2025-10-25 06:09:57.554301,1,Textiles
CNT10754,GILLELEJE,In Transit,2025-10-27 13:09:57.554306,12,Oil & Gas
CNT10755,HOORN,Arrived,2025-10-29 21:09:57.554311,8,Machinery
CNT10756,MERCURY,Arrived,2025-10-27 01:09:57.554363,0,Chemicals
CNT10757,MEDEMBLIK,Arrived,2025-10-28 14:09:57.554368,0,Electronics
CNT10758,AL JUBAIL,Delayed,2025-10-30 19:09:57.554373,1,Textiles
CNT10759,YANTAI,Delayed,2025-10-27 02:09:57.554378,1,Automobiles
CNT10760,CHANNEL ISLANDS,Arrived,2025-10-28 03:09:57.554383,0,Machinery
CNT10761,FALSE CREEK,In Transit,2025-10-26 14:09:57.554396,8,Automobiles
CNT10762,RIO DE JANEIRO,Arrived,2025-10-27 17:09:57.554402,2,Machinery
CNT10763,XIANGSHAN,Departed,2025-10-25 05:09:57.554408,5,Machinery
CNT10764,VANCOUVER,Delayed,2025-10-24 23:09:57.554414,8,Chemicals
CNT10765,MUARA BERAU ANCH,In Transit,2025-10-29 06:09:57.554419,3,Chemicals
CNT10766,CAIRNS,Delayed,2025-10-30 02:09:57.554425,0,Chemicals
CNT10767,ISTANBUL,In Transit,2025-10-29 11:09:57.554430,2,Oil & Gas
CNT10768,MUIDERZAND,Departed,2025-10-28 11:09:57.554435,0,Food
CNT10769,KOCHI,In Transit,2025-10-29 21:09:57.554441,2,Machinery
CNT10770,ALIMOS,Arrived,2025-10-30 04:09:57.554446,0,Textiles
CNT10771,ZHONGSHAN,In Transit,2025-10-25 13:09:57.554451,2,Automobiles
CNT10772,SANTOS,Departed,2025-10-27 11:09:57.554457,0,Chemicals
CNT10773,RIO DE JANEIRO,In Transit,2025-10-29 14:09:57.554470,0,Oil & Gas
CNT10774,ROTTERDAM WAALHAVEN,Departed,2025-10-25 09:09:57.554476,0,Chemicals
CNT10775,NEW YORK,Delayed,2025-10-26 08:09:57.554481,0,Automobiles
CNT10776,LANSHAN ANCH,Departed,2025-10-25 08:09:57.554487,3,Automobiles
CNT10777,SZCZECIN,Delayed,2025-10-27 13:09:57.554492,3,Machinery
CNT10778,MINHANG,Arrived,2025-10-26 23:09:57.554498,1,Chemicals
CNT10779,CAPE TOWN,Arrived,2025-10-27 18:09:57.554503,0,Automobiles
CNT10780,GOHYEON,Arrived,2025-10-26 21:09:57.554508,0,Food
CNT10781,HANSTHOLM,Arrived,2025-10-25 17:09:57.554514,0,Food
CNT10782,MEDEMBLIK,In Transit,2025-10-29 02:09:57.554519,0,Chemicals
CNT10783,NEWPORT,Arrived,2025-10-30 14:09:57.554524,8,Oil & Gas
CNT10784,COPENHAGEN,In Transit,2025-10-27 17:09:57.554529,0,Automobiles
CNT10785,MARSAMXETT,Departed,2025-10-26 08:09:57.554534,0,Machinery
CNT10786,PORTLAND OR,Arrived,2025-10-27 14:09:57.554539,0,Machinery
CNT10787,ASTRAKHAN,Delayed,2025-10-25 05:09:57.554544,0,Oil & Gas
CNT10788,PORT LOUIS,Delayed,2025-10-26 18:09:57.554550,1,Machinery
CNT10789,JEDDAH,Departed,2025-10-28 12:09:57.554555,2,Electronics
CNT10790,LA SPEZIA,Departed,2025-10-28 01:09:57.554560,0,Chemicals
CNT10791,LUOYUAN,Delayed,2025-10-28 01:09:57.554565,0,Machinery
CNT10792,ZHAPU,Arrived,2025-10-26 20:09:57.554570,0,Food
CNT10793,YANGZHOU,In Transit,2025-10-25 12:09:57.554575,0,Automobiles
CNT10794,CONSTANTA,In Transit,2025-10-29 06:09:57.554580,0,Textiles
CNT10795,SWINOUJSCIE,Delayed,2025-10-25 23:09:57.554585,24,Oil & Gas
CNT10796,TORONTO,Arrived,2025-10-27 01:09:57.554590,2,Textiles
CNT10797,HAMBLE POINT,Delayed,2025-10-28 18:09:57.554595,1,Machinery
CNT10798,DONGYING,Arrived,2025-10-25 18:09:57.554601,0,Textiles
CNT10799,ZHANGJIAGANG,Arrived,2025-10-27 00:09:57.554606,0,Textiles
CNT10800,BRUINISSE,Arrived,2025-10-26 11:09:57.554611,1,Electronics
CNT10801,VALLETTA,Departed,2025-10-25 17:09:57.554616,2,Food
CNT10802,YIZHENG,In Transit,2025-10-30 09:09:57.554621,3,Oil & Gas
CNT10803,YALOVA,Delayed,2025-10-27 04:09:57.554627,0,Food
CNT10804,LUSHUN,Delayed,2025-10-28 17:09:57.554632,1,Electronics
CNT10805,PORT HARCOURT,Departed,2025-10-26 01:09:57.554637,0,Electronics
CNT10806,XIUYU,Departed,2025-10-25 01:09:57.554642,8,Textiles
CNT10807,NEWPORT,Departed,2025-10-28 01:09:57.554648,2,Chemicals
CNT10808,BAYUQUAN,In Transit,2025-10-27 16:09:57.554653,1,Automobiles
CNT10809,JIANGYIN,Arrived,2025-10-28 11:09:57.554658,0,Automobiles
CNT10810,LIANYUNGANG,In Transit,2025-10-28 16:09:57.554664,2,Textiles
CNT10811,FUJAIRAH,Departed,2025-10-29 06:09:57.554669,0,Automobiles
CNT10812,CORUNA,Departed,2025-10-24 22:09:57.554674,0,Electronics
CNT10813,CHANNEL ISLANDS,Delayed,2025-10-27 21:09:57.554679,0,Food
CNT10814,DEN HELDER,Departed,2025-10-28 12:09:57.554684,2,Automobiles
CNT10815,SCHEVENINGEN,In Transit,2025-10-25 03:09:57.554689,0,Oil & Gas
CNT10816,RIGA,In Transit,2025-10-27 10:09:57.554695,0,Textiles
CNT10817,MOSCOW,Departed,2025-10-25 09:09:57.554700,8,Chemicals
CNT10818,CHONGQING,Arrived,2025-10-25 03:09:57.554705,0,Textiles
CNT10819,CALLAO ANCH,Departed,2025-10-26 00:09:57.554713,1,Machinery
CNT10820,MONACO,In Transit,2025-10-30 13:09:57.554719,0,Textiles
CNT10821,PHUKET,Arrived,2025-10-30 01:09:57.554724,0,Electronics
CNT10822,CHARLESTON,Delayed,2025-10-29 07:09:57.554730,3,Food
CNT10823,SHARJAH,Delayed,2025-10-28 18:09:57.554736,0,Food
CNT10824,MAJISHAN,Delayed,2025-10-29 10:09:57.554753,0,Oil & Gas
CNT10825,LAKE CHARLES,Arrived,2025-10-29 00:09:57.554758,1,Automobiles
CNT10826,ESBJERG,Delayed,2025-10-30 19:09:57.554771,2,Electronics
CNT10827,LAEM CHABANG,In Transit,2025-10-26 08:09:57.554777,2,Machinery
CNT10828,SANREMO,Arrived,2025-10-28 09:09:57.554783,0,Electronics
CNT10829,DELFZIJL,Arrived,2025-10-27 05:09:57.554789,0,Textiles
CNT10830,OSLO,In Transit,2025-10-30 18:09:57.554795,3,Electronics
CNT10831,WEIFANG,Arrived,2025-10-26 22:09:57.554801,1,Electronics
CNT10832,NINGDE ANCH,In Transit,2025-10-26 19:09:57.554807,5,Oil & Gas
CNT10833,BREST,Departed,2025-10-29 14:09:57.554813,5,Machinery
CNT10834,HOPE ISLAND,Arrived,2025-10-30 13:09:57.554819,5,Textiles
CNT10835,HUANGHUA ANCH,In Transit,2025-10-26 16:09:57.554824,0,Chemicals
CNT10836,NEW YORK,Departed,2025-10-30 01:09:57.554830,0,Oil & Gas
CNT10837,FUJAIRAH ANCH,Departed,2025-10-28 22:09:57.554836,3,Chemicals
CNT10838,SAKAI,Departed,2025-10-28 15:09:57.554842,0,Oil & Gas
CNT10839,MAKKUM,Departed,2025-10-26 12:09:57.554848,0,Food
CNT10840,VALLETTA,Arrived,2025-10-28 10:09:57.554853,8,Oil & Gas
CNT10841,SANYA,Departed,2025-10-27 11:09:57.554858,8,Automobiles
CNT10842,HELLEVOETSLUIS,In Transit,2025-10-29 07:09:57.554864,0,Electronics
CNT10843,FUJAIRAH ANCH,Arrived,2025-10-29 08:09:57.554870,0,Food
CNT10844,QINHUANGDAO,Delayed,2025-10-27 03:09:57.554876,0,Machinery
CNT10845,IJMUIDEN,Departed,2025-10-30 03:09:57.554882,5,Chemicals
CNT10846,PENGLAI,Delayed,2025-10-25 06:09:57.554888,12,Oil & Gas
CNT10847,FLEVO MARINA,Arrived,2025-10-28 13:09:57.554893,0,Electronics
CNT10848,HOUSTON ANCH,In Transit,2025-10-26 10:09:57.554899,0,Machinery
CNT10849,VENICE,Departed,2025-10-26 22:09:57.554905,8,Automobiles
CNT10850,CHANGXINDAO,Arrived,2025-10-26 14:09:57.554910,0,Machinery
CNT10851,GOHYEON,Arrived,2025-10-25 14:09:57.554916,1,Electronics
CNT10852,SHANGHAI,Arrived,2025-10-28 13:09:57.554923,24,Automobiles
CNT10853,WILHELMSHAVEN,Departed,2025-10-25 18:09:57.554929,0,Machinery
CNT10854,SAN JUAN,Departed,2025-10-27 00:09:57.554935,2,Automobiles
CNT10855,CHITTAGONG,In Transit,2025-10-27 08:09:57.554940,0,Oil & Gas
CNT10856,FETHIYE,Departed,2025-10-26 14:09:57.554946,0,Oil & Gas
CNT10857,GDYNIA,Arrived,2025-10-26 12:09:57.554952,5,Electronics
CNT10858,MELBOURNE,Delayed,2025-10-30 18:09:57.554958,0,Electronics
CNT10859,HON GAI ANCH,Delayed,2025-10-25 08:09:57.554964,24,Automobiles
CNT10860,PORTLAND ME,Arrived,2025-10-30 16:09:57.554970,1,Textiles
CNT10861,TOKYO BAY,Arrived,2025-10-28 02:09:57.554995,0,Food
CNT10862,CORUNA,Arrived,2025-10-30 04:09:57.554999,0,Machinery
CNT10863,ROTTERDAM CENTRUM,Delayed,2025-10-26 19:09:57.555003,0,Machinery
CNT10864,TABONEO ANCH,Delayed,2025-10-26 18:09:57.555007,0,Textiles
CNT10865,QINHUANGDAO,Departed,2025-10-24 22:09:57.555010,0,Textiles
CNT10866,TAIZHOU,In Transit,2025-10-29 09:09:57.555014,0,Textiles
CNT10867,MAKKUM,In Transit,2025-10-25 16:09:57.555017,0,Chemicals
CNT10868,MANILA ANCH,Departed,2025-10-28 01:09:57.555021,3,Chemicals
CNT10869,MAKKUM,In Transit,2025-10-27 21:09:57.555025,2,Automobiles
CNT10870,HOUSTON ANCH,Arrived,2025-10-29 10:09:57.555029,3,Chemicals
CNT10871,PUERTO MONTT,Arrived,2025-10-25 09:09:57.555032,0,Oil & Gas
CNT10872,HUANGPU ANCH,Arrived,2025-10-26 18:09:57.555036,0,Oil & Gas
CNT10873,ROTTERDAM,Arrived,2025-10-28 15:09:57.555040,2,Electronics
CNT10874,HIRTSHALS,Departed,2025-10-29 04:09:57.555043,0,Automobiles
CNT10875,CARTAGENA,In Transit,2025-10-25 05:09:57.555047,0,Machinery
CNT10876,HONGWAN,Arrived,2025-10-28 16:09:57.555050,5,Food
CNT10877,LAKE CHARLES,Arrived,2025-10-28 12:09:57.555054,3,Electronics
CNT10878,OOSTENDE,Departed,2025-10-28 09:09:57.555058,1,Machinery
CNT10879,NOVOROSSIYSK,In Transit,2025-10-28 07:09:57.555061,0,Machinery
CNT10880,GWANGYANG,Departed,2025-10-27 17:09:57.555065,3,Automobiles
CNT10881,NAGOYA,Departed,2025-10-30 04:09:57.555069,1,Textiles
CNT10882,FANGCHENG,Arrived,2025-10-28 07:09:57.555072,3,Textiles
CNT10883,NEMRUT,Arrived,2025-10-28 09:09:57.555076,3,Electronics
CNT10884,KJOLLEFJORD,In Transit,2025-10-29 14:09:57.555079,5,Textiles
CNT10885,LAIZHOU BAY,In Transit,2025-10-28 01:09:57.555083,1,Machinery
CNT10886,DENIA,Arrived,2025-10-29 23:09:57.555093,0,Textiles
CNT10887,HONOLULU,In Transit,2025-10-30 20:09:57.555097,2,Chemicals
CNT10888,LANSHAN,Delayed,2025-10-26 14:09:57.555101,2,Textiles
CNT10889,QUANZHOU ANCH,In Transit,2025-10-24 23:09:57.555105,3,Machinery
CNT10890,ESBJERG,Departed,2025-10-26 02:09:57.555108,0,Automobiles
CNT10891,SHANGHAI,Departed,2025-10-29 06:09:57.555112,0,Electronics
CNT10892,XIANGSHAN,Departed,2025-10-27 00:09:57.555116,8,Food
CNT10893,DALIAN,Delayed,2025-10-28 00:09:57.555119,3,Textiles
CNT10894,HIRTSHALS,Arrived,2025-10-25 07:09:57.555123,12,Oil & Gas
CNT10895,ANTWERP ANCH,Arrived,2025-10-30 19:09:57.555126,3,Oil & Gas
CNT10896,RIO DE JANEIRO,Departed,2025-10-27 00:09:57.555130,1,Machinery
CNT10897,LAGOS ANCH,Delayed,2025-10-29 19:09:57.555134,2,Food
CNT10898,NEMRUT,Arrived,2025-10-29 22:09:57.555138,8,Food
CNT10899,SOUTHPORT QLD,Delayed,2025-10-26 12:09:57.555141,1,Chemicals
CNT10900,HONG KONG,In Transit,2025-10-26 01:09:57.555145,2,Food
CNT10901,NEUSTADT,Arrived,2025-10-25 00:09:57.555149,0,Oil & Gas
CNT10902,CORAL SEA MARINA,Delayed,2025-10-28 09:09:57.555152,0,Automobiles
CNT10903,PIRAEUS,Departed,2025-10-29 18:09:57.555156,3,Machinery
CNT10904,FLEVO MARINA,In Transit,2025-10-24 23:09:57.555162,0,Machinery
CNT10905,DAESAN,Arrived,2025-10-28 18:09:57.555166,0,Textiles
CNT10906,AUCKLAND,Delayed,2025-10-30 08:09:57.555170,0,Textiles
CNT10907,TORREVIEJA,In Transit,2025-10-30 21:09:57.555173,0,Textiles
CNT10908,BANGKOK,In Transit,2025-10-28 19:09:57.555177,0,Oil & Gas
CNT10909,XIANGSHAN,Delayed,2025-10-26 13:09:57.555180,0,Oil & Gas
CNT10910,ZHOUSHAN,Departed,2025-10-24 23:09:57.555184,12,Oil & Gas
CNT10911,NEWPORT,Delayed,2025-10-28 06:09:57.555188,1,Oil & Gas
CNT10912,CHITTAGONG,In Transit,2025-10-25 09:09:57.555191,0,Oil & Gas
CNT10913,NOVOROSSIYSK,Departed,2025-10-27 14:09:57.555195,0,Oil & Gas
CNT10914,DORDRECHT,Arrived,2025-10-27 04:09:57.555199,2,Automobiles
CNT10915,DEN HELDER,In Transit,2025-10-26 18:09:57.555202,0,Oil & Gas
CNT10916,CAPE TOWN,Delayed,2025-10-29 02:09:57.555206,5,Food
CNT10917,DAMMAM ANCH,Delayed,2025-10-27 11:09:57.555210,2,Food
CNT10918,DARWIN,Arrived,2025-10-26 22:09:57.555213,3,Chemicals
CNT10919,BUSAN,Delayed,2025-10-30 04:09:57.555217,0,Automobiles
CNT10920,HELLEVOETSLUIS,Departed,2025-10-25 20:09:57.555221,2,Textiles
CNT10921,KAOHSIUNG ANCH,Delayed,2025-10-26 11:09:57.555224,0,Electronics
CNT10922,XINHUI,Arrived,2025-10-26 01:09:57.555228,12,Oil & Gas
CNT10923,MONTEVIDEO,Delayed,2025-10-25 18:09:57.555232,2,Chemicals
CNT10924,YANTAI ANCH,In Transit,2025-10-29 08:09:57.555235,0,Electronics
CNT10925,ROTTERDAM ANCH,Arrived,2025-10-29 00:09:57.555239,0,Food
CNT10926,ALAMITOS BAY,In Transit,2025-10-29 20:09:57.555242,0,Chemicals
CNT10927,CHONGQING,Departed,2025-10-27 22:09:57.555246,2,Chemicals
CNT10928,SHEKOU,In Transit,2025-10-29 23:09:57.555250,0,Machinery
CNT10929,TOKYO BAY,Delayed,2025-10-26 03:09:57.555253,1,Food
CNT10930,BAYUQUAN ANCH,Departed,2025-10-29 09:09:57.555257,0,Food
CNT10931,SAN JUAN,Delayed,2025-10-28 23:09:57.555260,2,Automobiles
CNT10932,HELLEVOETSLUIS,In Transit,2025-10-26 05:09:57.555264,5,Chemicals
CNT10933,CHENJIAGANG,Departed,2025-10-28 04:09:57.555268,3,Oil & Gas
CNT10934,MIZUSHIMA,Departed,2025-10-26 14:09:57.555271,3,Food
CNT10935,PORTIMAO,Delayed,2025-10-27 12:09:57.555275,0,Chemicals
CNT10936,ULSAN,In Transit,2025-10-25 20:09:57.555278,0,Automobiles
CNT10937,KAOHSIUNG,Delayed,2025-10-29 05:09:57.555282,2,Oil & Gas
CNT10938,HAMBLE POINT,Delayed,2025-10-28 00:09:57.555286,0,Automobiles
CNT10939,AMSTERDAM ANCH,Departed,2025-10-26 21:09:57.555289,0,Machinery
CNT10940,MOKPO,In Transit,2025-10-27 06:09:57.555293,0,Oil & Gas
CNT10941,HAIFA,Arrived,2025-10-29 19:09:57.555297,0,Chemicals
CNT10942,TERNEUZEN,Departed,2025-10-29 01:09:57.555300,0,Food
CNT10943,DUISBURG,Arrived,2025-10-30 01:09:57.555304,8,Food
CNT10944,PUERTO MONTT,Departed,2025-10-26 07:09:57.555307,0,Chemicals
CNT10945,HON GAI ANCH,Departed,2025-10-25 04:09:57.555311,1,Chemicals
CNT10946,TONGYEONG,Departed,2025-10-27 05:09:57.555315,0,Chemicals
CNT10947,TIANJIN,Delayed,2025-10-27 14:09:57.555318,2,Textiles
CNT10948,PORTLAND ME,Departed,2025-10-26 20:09:57.555322,0,Oil & Gas
CNT10949,OSAKA,Departed,2025-10-25 16:09:57.555326,8,Food
CNT10950,SANYA,Arrived,2025-10-30 03:09:57.555329,8,Oil & Gas
CNT10951,SONGMEN,Departed,2025-10-30 16:09:57.555333,0,Automobiles
CNT10952,SCHEVENINGEN,Arrived,2025-10-26 22:09:57.555337,12,Food
CNT10953,JIANGYIN,Arrived,2025-10-29 14:09:57.555340,24,Textiles
CNT10954,ROSTOCK,Delayed,2025-10-26 11:09:57.555344,5,Chemicals
CNT10955,KLAIPEDA,Delayed,2025-10-27 13:09:57.555347,5,Machinery
CNT10956,HIRTSHALS,Delayed,2025-10-27 18:09:57.555351,0,Chemicals
CNT10957,WENZHOU ANCH,Departed,2025-10-30 13:09:57.555355,1,Chemicals
CNT10958,LA SPEZIA,Departed,2025-10-29 17:09:57.555358,0,Textiles
CNT10959,CORAL SEA MARINA,In Transit,2025-10-27 14:09:57.555362,0,Oil & Gas
CNT10960,LUOYUAN,Departed,2025-10-26 04:09:57.555366,24,Food
CNT10961,ZHUHAI,Departed,2025-10-30 09:09:57.555369,0,Chemicals
CNT10962,PALEMBANG,Arrived,2025-10-29 14:09:57.555373,3,Food
CNT10963,ISKENDERUN,Departed,2025-10-29 10:09:57.555377,5,Electronics
CNT10964,SIKKA,Departed,2025-10-27 18:09:57.555380,8,Automobiles
CNT10965,DONG GUAN,Departed,2025-10-29 21:09:57.555384,24,Oil & Gas
CNT10966,MONACO,Departed,2025-10-28 13:09:57.555387,0,Food
CNT10967,MOSCOW,Departed,2025-10-27 16:09:57.555390,0,Machinery
CNT10968,RECALADA,Delayed,2025-10-28 00:09:57.555394,0,Automobiles
CNT10969,XIUYU,Delayed,2025-10-26 18:09:57.555398,0,Machinery
CNT10970,ZHUHAI,In Transit,2025-10-25 01:09:57.555402,0,Chemicals
CNT10971,SAN JUAN,Delayed,2025-10-29 08:09:57.555405,0,Automobiles
CNT10972,TOKYO BAY,In Transit,2025-10-27 00:09:57.555409,3,Food
CNT10973,BARCELONA,Arrived,2025-10-26 23:09:57.555417,1,Automobiles
CNT10974,ISTANBUL ANCH,Arrived,2025-10-25 03:09:57.555421,0,Chemicals
CNT10975,MUARA BERAU ANCH,Arrived,2025-10-27 08:09:57.555425,2,Textiles
CNT10976,HAIKOU,Delayed,2025-10-30 02:09:57.555429,0,Oil & Gas
CNT10977,ARKHANGELSK,In Transit,2025-10-30 20:09:57.555432,0,Machinery
CNT10978,ZAKUM,Arrived,2025-10-26 03:09:57.555436,3,Chemicals
CNT10979,SINGAPORE,In Transit,2025-10-29 23:09:57.555440,2,Textiles
CNT10980,PENGLAI,Arrived,2025-10-30 02:09:57.555443,3,Automobiles
CNT10981,AALBORG,In Transit,2025-10-26 10:09:57.555447,0,Automobiles
CNT10982,DUISBURG,Departed,2025-10-30 01:09:57.555450,5,Chemicals
CNT10983,FOS SUR MER,Arrived,2025-10-29 02:09:57.555454,2,Food
CNT10984,COPENHAGEN,Departed,2025-10-26 08:09:57.555458,1,Automobiles
CNT10985,DAESAN,Arrived,2025-10-28 12:09:57.555461,2,Food
CNT10986,ANTWERP ANCH,Arrived,2025-10-30 11:09:57.555465,8,Food
CNT10987,DOS BOCAS,Departed,2025-10-25 15:09:57.555468,1,Oil & Gas
CNT10988,SINGAPORE ANCH,In Transit,2025-10-29 14:09:57.555472,1,Food
CNT10989,ZHONGSHAN,Departed,2025-10-26 02:09:57.555477,24,Electronics
CNT10990,FUJAIRAH,Departed,2025-10-28 02:09:57.555481,3,Oil & Gas
CNT10991,BREST,Delayed,2025-10-27 08:09:57.555485,0,Textiles
CNT10992,PORT HAMBLE,Delayed,2025-10-30 03:09:57.555488,3,Textiles
CNT10993,GHENT,Arrived,2025-10-29 10:09:57.555492,0,Automobiles
CNT10994,CHONGQING,Departed,2025-10-25 19:09:57.555495,0,Automobiles
CNT10995,VALENCIA,Arrived,2025-10-27 17:09:57.555499,1,Food
CNT10996,JAKARTA,Arrived,2025-10-27 18:09:57.555502,12,Oil & Gas
CNT10997,PARANAGUA ANCH,Delayed,2025-10-26 22:09:57.555506,12,Oil & Gas
CNT10998,ZHANJIANG ANCH,Arrived,2025-10-30 18:09:57.555510,0,Electronics
CNT10999,SHANGHAI,Departed,2025-10-29 10:09:57.555513,1,Food
